akt.citace;kategorie;akt.název.vyhlášený;status;komentář
80/1945 Sb.;počítání času;Dekret presidenta republiky o opětném zavedení středoevropského času;NA;NA
105/1945 Sb.;poválečné uspořádání;Dekret presidenta republiky o očistných komisích pro přezkoumání činnosti veřejných zaměstnanců;NA;NA
121/1945 Sb.;poválečné uspořádání;Dekret presidenta republiky o územní organisaci správy, vykonávané národními výbory;NA;NA
128/1945 Sb.;poválečné uspořádání;Dekret presidenta republiky o zatímní územní organisaci některých finančních úřadů a změnách s tím spojených v zemích České a Moravskoslezské;NA;NA
138/1945 Sb.;poválečné uspořádání;Dekret presidenta republiky o trestání některých provinění proti národní cti;NA;NA
20/1945 Sb.;poválečné uspořádání;Ústavní dekret presidenta republiky o prozatímním výkonu moci zákonodárné;NA;NA
36/1945 Sb.;poválečné uspořádání;Dekret presidenta republiky o plnění závazků znějících na říšské marky;NA;NA
47/1945 Sb.;poválečné uspořádání;Ústavní dekret presidenta republiky o Prozatímním Národním shromáždění;NA;NA
53/1945 Sb.;poválečné uspořádání;Dekret presidenta republiky o odčinění křivd československým veřejným zaměstnancům;NA;NA
54/1945 Sb.;poválečné uspořádání;Dekret presidenta republiky o přihlašování a zjišťování válečných škod a škod způsobených mimořádnými poměry;NA;NA
58/1945 Sb.;poválečné uspořádání;Dekret presidenta republiky o platovém přídavku státním a některým jiným veřejným zaměstnancům;NA;NA
59/1945 Sb.;poválečné uspořádání;Dekret presidenta republiky, jímž se zrušují jmenování veřejných zaměstnanců z doby nesvobody;NA;NA
60/1945 Sb.;poválečné uspořádání;Ústavní dekret presidenta republiky o přípravě provedení smlouvy mezi Československou republikou a Svazem sovětských socialistických republik o Zakarpatské Ukrajině ze dne 29. června 1945;NA;NA
67/1945 Sb.;poválečné uspořádání;Dekret presidenta republiky, jímž se obnovuje činnost disciplinárních a kvalifikačních komisí pro veřejné zaměstnance a zrušují se předpisy o omezení opravných prostředků;NA;NA
68/1945 Sb.;poválečné uspořádání;Dekret presidenta republiky o reaktivaci veřejných zaměstnanců;NA;NA
74/1945 Sb.;poválečné uspořádání;Dekret presidenta republiky o reaktivaci a o opětném ustanovení provdaných žen ve veřejné službě;NA;NA
79/1945 Sb.;poválečné uspořádání;Dekret presidenta republiky o zatímní úpravě soudnictví v zemích České a Moravskoslezské;NA;NA
83/1945 Sb.;poválečné uspořádání;Dekret presidenta republiky o úpravě branné povinnosti osob povolaných, jakož i dobrovolně nastoupivších do činné služby;NA;NA
86/1945 Sb.;poválečné uspořádání;Dekret presidenta republiky o znovuvybudování finanční stráže v zemích České a Moravskoslezské a o úpravě některých služebních a platových poměrů příslušníků finanční stráže;NA;NA
93/1945 Sb.;poválečné uspořádání;Dekret presidenta republiky o prozatímních opatřeních v oboru veřejnoprávního sociálního pojištění;NA;NA
34/1948 Sb.;poválečné uspořádání;Zákon o revisi trestního řízení v některých případech provinění proti národní cti;NA;NA
132/1945 Sb.;školství;Dekret presidenta republiky o vzdělání učitelstva;NA;NA
85/1945 Sb.;školství;Dekret presidenta republiky, kterým se ruší školné na státních středních školách;NA;NA
8/1945 Sb.;vyvlastnění;Dekret presidenta republiky o věnování nemovitostí Svazu sovětských socialistických republik jako projev díků;NA;NA
127/1945 Sb.;zřízení vysokých škol, nemocnic, kulturních institucí;Dekret presidenta republiky o zřízení vysoké školy Akademie musických umění v Praze;NA;NA
129/1945 Sb.;zřízení vysokých škol, nemocnic, kulturních institucí;Dekret presidenta republiky o státním orchestru Česká filharmonie;NA;NA
133/1945 Sb.;zřízení vysokých škol, nemocnic, kulturních institucí;Dekret presidenta republiky, kterým se zřizuje Výzkumný ústav pedagogický Jana Amose Komenského;NA;NA
135/1945 Sb.;zřízení vysokých škol, nemocnic, kulturních institucí;Dekret presidenta republiky o zřízení pobočky lékařské fakulty university Karlovy v Plzni;NA;NA
140/1945 Sb.;zřízení vysokých škol, nemocnic, kulturních institucí;Dekret presidenta republiky o zřízení Vysoké školy politické a sociální v Praze;NA;NA
69/1945 Sb.;zřízení vysokých škol, nemocnic, kulturních institucí;Dekret presidenta republiky o přeložení vysoké školy báňské z Příbramě do Moravské Ostravy;NA;NA
96/1945 Sb.;zřízení vysokých škol, nemocnic, kulturních institucí;Dekret presidenta republiky o zřízení pobočky lékařské fakulty university Karlovy v Hradci Králové;NA;NA
197/2002 Sb.;financování státu;Zákon o přijetí úvěru Českou republikou od Evropské investiční banky na financování programu Rozvoj materiálně technické základny Masarykovy univerzity v Brně;obsoletní;Zákonem bylo umožněno přijetí úvěru Českou republikou, přičemž úvěr se měl vztahovat na financování konkrétního programu Rozvoj materiálně technické základny Masarykovy univerzity v Brně, a to do výše 95 000 000 EUR. Dle informací ze stránek Ministerstva financí (https://www.mfcr.cz/cs/zahranicni-sektor/mezinarodni-spoluprace/mezinarodni-instituce/eib-evropska-investicni-banka-11649) bylo právo přijmout úvěr realizováno podpisem smlouvy o úvěru dne 27.05.2002. S ohledem na to, že úvěr byl již České republice v plné výši poskytnut, je analyzovaný předpis obsoletní.
274/2002 Sb.;financování státu;Zákon o přijetí úvěru Českou republikou na financování investičních potřeb souvisejících s prováděním projektu dálničního obchvatu Plzně a souvisejících silničních přivaděčů;obsoletní;Zákonem bylo umožněno přijetí úvěru Českou republikou, přičemž úvěr se měl vztahovat na financování investičních potřeb souvisejících s prováděním projektu dálničního obchvatu Plzně a souvisejících silničních přivaděčů, a to ve výši 210 000 000 EUR. Dle informací ze stránek Ministerstva financí (https://www.mfcr.cz/cs/zahranicni-sektor/mezinarodni-spoluprace/mezinarodni-instituce/eib-evropska-investicni-banka-11649) bylo právo přijmout úvěr realizováno podpisem smlouvy o úvěru dne 27.06.2002. S ohledem na to, že úvěr byl již České republice v plné výši poskytnut, je analyzovaný předpis obsoletní.
46/2002 Sb.;financování státu;Zákon o přijetí úvěru Českou republikou na financování investičních potřeb souvisejících s prováděním projektu českých dálnic B;obsoletní;Zákonem bylo umožněno přijetí úvěru Českou republikou, přičemž úvěr se měl vztahovat na financování investičních potřeb souvisejících s prováděním projektu českých dálnic B, a to ve výši 170 000 000 EUR. Projekt byl prováděn Ministerstvem dopravy a spojů ČR prostřednictvím Ředitelství silnic a dálnic ČR. Dle informací ze stránek Ministerstva financí (https://www.mfcr.cz/cs/zahranicni-sektor/mezinarodni-spoluprace/mezinarodni-instituce/eib-evropska-investicni-banka-11649) bylo právo přijmout úvěr realizováno podpisem smlouvy o úvěru dne 26.11.2001. S ohledem na to, že úvěr byl již České republice v plné výši poskytnut, je analyzovaný předpis obsoletní.
314/2004 Sb.;financování státu;Zákon o přijetí úvěrů od Evropské investiční banky na financování výstavby silničního okruhu kolem hlavního města Prahy, část jihozápadní;obsoletní;Zákonem bylo umožněno přijetí úvěru Českou republikou, přičemž úvěr se měl vztahovat na financování výstavby silničního okruhu kolem hlavního města Prahy, část jihozápadní, a to ve výši 310 000 000 EUR. Dle informací ze stránek Ministerstva financí (https://www.mfcr.cz/cs/zahranicni-sektor/mezinarodni-spoluprace/mezinarodni-instituce/eib-evropska-investicni-banka-11649) bylo právo přijmout úvěr realizováno podpisem smlouvy o úvěru pro projekt Silniční okruh Prahy, část jihozápadní – A ve výši 200 000 000 EUR dne 27.07.2004 a pro projekt Silniční okruh Prahy, část jihozápadní – B ve výši 110 000 000 EUR dne 22.09.2005. S ohledem na to, že úvěr byl již České republice v plné výši poskytnut, je analyzovaný předpis obsoletní.
472/2004 Sb.;financování státu;Zákon o přijetí úvěrů od Evropské investiční banky na financování výstavby části dálnice D8;obsoletní;Zákonem bylo umožněno přijetí úvěru Českou republikou, přičemž úvěr se měl vztahovat na financování výstavby dálnice D8 v úseku mezi Trmicemi a státní hranicí České republiky se Spolkovou republikou Německo, a to ve výši 12 000 000 000 Kč. Dle informací ze stránek Ministerstva financí (https://www.mfcr.cz/cs/zahranicni-sektor/mezinarodni-spoluprace/mezinarodni-instituce/eib-evropska-investicni-banka-11649) bylo právo přijmout úvěr realizováno podpisem smlouvy o úvěru pro projekt České dálnice II (D8) AFI – A ve výši 8 000 000 000 Kč dne 23.09.2004 a pro projekt České dálnice II (D8) AFI – B ve výši 4 000 000 000 Kč dne 22.09.2005. S ohledem na to, že úvěr byl již České republice v plné výši poskytnut, je analyzovaný předpis obsoletní.
202/2006 Sb.;financování státu;Zákon o státním dluhopisovém programu na úhradu části rozpočtovaného schodku státního rozpočtu České republiky na rok 2006;obsoletní;Zákon bez dalších podrobností umožnil vydání státních dluhopisů ke krytí schodku státního rozpočtu na rok 2006 se splatností do 55 let. S ohledem na to, že dluhopisy byly vydány se splatností nejpozději v r. 2011 (viz https://www.mfcr.cz/cs/verejny-sektor/rizeni-statniho-dluhu/emise-statnich-dluhopisu/emisni-podminky) a že schodek státního rozpočtu za rok 2006 byl již vypořádán (viz státní závěrečný účet za tento rok), nelze již předpokládat účinky analyzovaného předpisu na existující právní vztahy či vydání dalších dluhopisů.
623/2006 Sb.;financování státu;Zákon o státním dluhopisovém programu na úhradu jistin státního dluhu, splatných v letech 2007 a 2008;obsoletní;Posuzovaný pr. předpis upravuje státní dluhopisy na úhradu jistin státního dluhu splatných v letech 2007 a 2008. Tyto dluhopisy byly vydány se splatností v r. 2012 (viz https://www.mfcr.cz/cs/verejny-sektor/rizeni-statniho-dluhu/emise-statnich-dluhopisu/oznameni-o-aukci-sdd/2007/oznameni-o-aukci-5-transe-50-emise-stred-8812). S ohledem na to, že jistiny státního dluhu splatné v letech 2007 a 2008  byly již vypořádány, nelze již předpokládat účinky analyzovaného předpisu na existující právní vztahy či vydání dalších dluhopisů.
244/2008 Sb.;financování státu;Zákon o státním dluhopisovém programu na úhradu části rozpočtovaného schodku státního rozpočtu České republiky na rok 2008;obsoletní;Posuzovaný právní předpis upravuje státní dluhopisový program, který umožnil Ministerstvu financí vydávat státní dluhopisy ke krytí schodku státního rozpočtu na rok 2008. Splatnost závazků z dluhopisového programu mohla být stanovena na max 55 let ode dne nabytí účinnosti tohoto zákona. Schodek státního rozpočtu za rok 2008 byl již vypořádán, dle informací z webu MF měly dluhopisy dle analyzovaného předpisu splatnost nastavenu na rok 2011 (viz https://www.mfcr.cz/cs/verejny-sektor/rizeni-statniho-dluhu/emise-statnich-dluhopisu/oznameni-o-aukci-sdd/2008/oznameni-o-aukci-6-transe-54-emise-stred-8784) a tudíž nelze předpokládat účinky analyzovaného předpisu na existující právní vztahy či vydání dalších dluhopisů.
107/2009 Sb.;financování státu;Zákon o státním dluhopisovém programu na poskytnutí finanční pomoci vládě Lotyšské republiky na řešení stabilizace ekonomiky v letech 2009 a 2010;obsoletní;Analyzovaný předpis umožnil vydání státních dluhopisů k poskytnutí finanční pomoci vládě Lotyšské republiky na řešení stabilizace ekonomiky v letech 2009 a 2010, maximální doba splatnosti byla stanovena na 15 let. Dle informací z webových stránek MF se však bilaterální úvěry zemí EU včetně ČR nakonec vůbec neuskutečnily. Program na podporu platební bilance Lotyšska skončil dnem 20.01.2012 a tímto dnem skončil i závazek ČR poskytnout finanční výpomoc do výše 200 000 000 EUR (https://www.mfcr.cz/cs/o-ministerstvu/sluzby-verejnosti/zadosti-o-informace-dle-zakona-106-1999/seznam-podanych-zadosti/2017/zadost-o-poskytnuti-informaci-ve-smyslu-28908). Předpis je tedy nutno označit za vyhaslý.
83/2010 Sb.;financování státu;Zákon o státním dluhopisovém programu na úhradu části rozpočtovaného schodku státního rozpočtu České republiky na rok 2010;obsoletní;Posuzovaný pr. předpis upravuje státní dluhopisy na úhradu části rozpočtovaného schodku státního rozpočtu České republiky na rok 2010. S ohledem na to, že schodek státního rozpočtu za rok 2010 byl již vypořádán (viz státní závěrečný účet za tento rok), nelze již předpokládat účinky analyzovaného předpisu na existující právní vztahy či vydání dalších dluhopisů.
29/2011 Sb.;financování státu;Zákon o státním dluhopisovém programu na úhradu části schodku státního rozpočtu České republiky za rok 2009 převyšujícího rozpočtovaný schodek;obsoletní;Posuzovaný pr. předpis upravuje státní dluhopisy na úhradu části schodku státního rozpočtu České republiky za rok 2009 převyšujícího rozpočtovaný schodek. S ohledem na to, že schodek státního rozpočtu za rok 2009 byl již vypořádán (viz státní závěrečný účet za tento rok), nelze již předpokládat účinky analyzovaného předpisu na existující právní vztahy či vydání dalších dluhopisů.
96/2011 Sb.;financování státu;Zákon o státním dluhopisovém programu na úhradu části rozpočtovaného schodku státního rozpočtu České republiky na rok 2011;obsoletní;Posuzovaný pr. předpis upravuje státní dluhopisy na úhradu části rozpočtovaného schodku státního rozpočtu České republiky na rok 2011. 
S ohledem na to, že schodek státního rozpočtu za rok 2011 byl již vypořádán (viz státní závěrečný účet za tento rok), nelze již předpokládat účinky analyzovaného předpisu na existující právní vztahy či vydání dalších dluhopisů.
95/2012 Sb.;financování státu;Zákon o státním dluhopisovém programu na úhradu části rozpočtovaného schodku státního rozpočtu České republiky na rok 2012;obsoletní;Analyzovaným zákonem je stanovena maximální částka, do které lze vydat státní dluhopisy ke krytí schodku státního rozpočtu a maximální doba jejich splatnosti. Schodek státního rozpočtu roku 2012 byl vypořádán ve státním závěrečném účtu. Dle informací na stránce MF pak byly vydány konkrétně dle tohoto zákona dluhopisy splatné nejpozději v r. 2019, a to ve dvou emisích (jarní a vánoční). Realizací práva vydat státní dluhopisy ke krytí rozpočtového schodku v daném roce se analyzovaný předpis vyčerpal.
295/2013 Sb.;financování státu;Zákon o státním dluhopisovém programu na úhradu části schodku státního rozpočtu České republiky za rok 2011 převyšujícího rozpočtovaný schodek a o státním dluhopisovém programu na úhradu dalších závazků státu splatných v roce 2013;obsoletní;Dle informací z webových stránek MF byly v r. 2013 vydány dluhopisy se splatností nejpozději v r. 2020 (viz https://www.mfcr.cz/cs/verejny-sektor/rizeni-statniho-dluhu/emise-statnich-dluhopisu/emisni-podminky/2013), s ohledem na vázanost vydávaných dluhopisů účelem financování schodku státního rozpočtu a dalších závazků splatných v r. 2013 pak nelze předpokládat vydání pozdějších dluhopisů dle analyzovaného předpisu (ani z otevřených zdrojů nebylo nic takového dohledáno). Předpis je tedy vyhaslý.
115/1946 Sb.;poválečné uspořádání;Zákon o právnosti jednání souvisících s bojem o znovunabytí svobody Čechů a Slováků;obsoletní;Denacifikační legislativa byla završena přijetím posuzovaného zákona, zákon se vztahoval na tzv. období nesvobody. Podle ust. § 1 zákona jednání, k němuž došlo v době od 30. září 1938 do 28. října 1945 a jehož účelem bylo přispěti k boji o znovunabytí svobody Čechů a Slováků nebo které směřovalo ke spravedlivé odplatě za činy okupantů nebo jejich pomahačů, není bezprávné ani tehdy, bylo-li by jinak podle platných předpisů trestné. Dle důvodové zprávy se mělo přihlédnout k pohnutce a k okolnostem, za nichž bylo jednáno. Zákon tedy zavedl nový důvod vyloučení trestní odpovědnosti. Platnost zákona byla přechodná a časově omezená. Výše uvedená zásada byla obsažena již v ústavním dekretu prezidenta republiky ze dne 3. srpna 1944, o obnovení právního pořádku. Předpis je obsoletní, nicméně před případným návrhem na jeho zrušení je třeba zvážit veškerá související kulturně-historická hlediska. Vzhledem ke všemu zmiňovanému nelze pro specifičnost úpravy použít GDK dle zákona č. 86/1950 Sb.
179/1946 Sb.;poválečné uspořádání;Ústavní zákon o udělení státního občanství krajanům z Maďarska;obsoletní;Analyzovaný ústavní zákon upravuje nabytí občanství krajanům z Maďarska. V současné době se pro nabytí občanství aplikuje z.č. 186/2013 Sb., v daném případě se tedy uplatní zásada lex posterior derogat legi priori, nicméně před případným návrhem na zrušení předpisu je třeba zvážit veškerá související kulturně-historická hlediska.
171/1947 Sb.;poválečné uspořádání;Ústavný zákon o mierovej smluve medzi Mocnosťami spojenými a sdruženými a Maďarskom;obsoletní;Analyzovaným zákonem bylo stanoveno, že Ústavodárné Národní shromáždění souhlasí s mírovou smlouvou mezi Mocnostmi spojenými a sdruženými na straně jedné a Maďarskem na straně druhé, podepsanou v Paříži dne 10. února 1947, a dále že změna státního území a státních hranic na základě této smlouvy nabyde s mezinárodní účinností též účinnost vnitrostátní. V důvodové zprávě k analyzovanému zákonu je uvedeno: Podľa čl. 1 mierovej smluvy s Maďarskom, podpísanej v Paríži dňa 10. februára 1947, získava Československá republika od Maďarska predmostie pri Bratislave, vyznačené na mape, pripojenej k tejto smluve. Ňou sa mení štátne územie a je preto treba, aby ústavodarné Národné shromaždenie dalo k nej súhlas formou ústavného zákona (§ 64, ods. 1, č. 1 ústavnej listiny). Analyzovaný zákon se jeví jako vyhaslá právní úprava. Nicméně s ohledem na mezinárodněprávní rozměr a diplomatické zvyklosti a vzhledem k určitému kulturně-historickému hledisku daného právního předpisu, jakož i předmětné mírové smlouvy, je třeba vyhodnocení tohoto právního předpisu a jeho případné zrušení konzultovat s gestory.
172/1947 Sb.;poválečné uspořádání;Zákon o opatřeních k provedení mírových smluv s Bulharskem, Finskem, Italií, Maďarskem a Rumunskem;obsoletní;Analyzovaným zákonem došlo na základě mírové smlouvy k připojení nově získaného státního území k okresu Bratislava-okolí a k přijetí souvisejících opatření (rozšíření účinnosti právních předpisů na toto území). Podle tohoto zákona dále Republika Československá nabyla veškerého majetku maďarského státu v získaném území. Zákon také zmocňoval vládu k provedení dalších opatření nutných k provedení mírové smlouvy. Z obsahu tohoto právního předpisu je zřejmé, že zákon již nedopadá na právní vztahy jím upravené, nicméně před návrhem na jeho zrušení je třeba zvážit veškerá kulturně-historická hlediska.
215/1919 Sb.;pozemková reforma;Zákon o zabrání velkého majetku pozemkového.;obsoletní;zákon se stal na základě z. č. 229/1991 Sb. (§ 32) obsoletní, ale vzhledem ke skutečnosti, že zákon lze považovat za zásadní právní předpis upravující první československou pozemkovou reformu, je třeba před případným návrhem na zrušení předpisu zvážit veškerá související kulturně-historická hlediska
329/1920 Sb.;pozemková reforma;Zákon o převzetí a náhradě za zabraný majetek pozemkový (zákon náhradový).;obsoletní;Právní úprava zákona je již vyčerpaná a zákon lze považovat za obsoletní, ale vzhledem ke skutečnosti, že jde o zásadní právní předpis upravující první pozemkovou reformu, je třeba před případným návrhem na zrušení předpisu zvážit veškerá související kulturně-historická hlediska.
81/1920 Sb.;pozemková reforma;Zákon, kterým se vydávají po rozumu §u 10 zákona ze dne 16. dubna 1919, č. 215 Sb. zák. a nař., ustanovení o přídělu zabrané půdy a upravuje se právní poměr ku přidělené půdě. (Zákon přídělový.);obsoletní;nabývání vlastnictví v režimu zákona předpokládalo vyhlášení přídělového řízení, nabývacím titulem tedy nebyl zákon, ale výstup přídělového řízení, tj. konečné rozhodnutí pozemkového úřadu, které je dle § 27 zákona vkladovou listinou; zákon již vyčerpal svůj účel a dále se nepoužije, ale vzhledem ke skutečnosti, že jde o zásadní právní předpis upravující první československou pozemkovou reformu, je nutno před případným návrhem na zrušení předpisu zvážit veškerá související kulturně-historická hlediska
38/1959 Sb.;provádění mezinárodních smluv;Zákon o úpravě některých nároků a závazků mezi československými a polskými osobami;obsoletní;Zákon navazoval na přijetí Dohody mezi Československou republikou a Polskou lidovou republikou o vypořádání nevyřízených majetkových otázek a konkretizoval důsledky nároků vypořádaných podle této Dohody, tj. zejména stanovil, že nároky označených subjektů, pokud se podle této Dohody považují za vypořádané a které dosud podle této Dohody nezanikly, zanikly dnem 9. ledna 1959, a dále že nároky polských zákonem označených subjektů, pokud se podle Dohody považují za vypořádané a pokud již podle Dohody na československý stát nepřešly, přešly na československý stát dnem 9. ledna 1959. Dále zákon zmocňoval vládu k přijetí zásad o poskytování náhrad osobám pozbyvším nároků a rovněž ukládal povinnost plnit závazky dlužníků československému státu. S ohledem na obsah právní úpravy a uplynutí doby od jejího přijetí lze předpokládat, že tyto nároky podle tohoto zákony již zanikly, případně jsou promlčeny, proto se jedná o vyhaslou právní úpravu. Nicméně s ohledem na vazbu tohoto zákona na uvedenou Dohodu mezi Československou republikou a Polskou lidovou republikou o vypořádání nevyřízených majetkových otázek, která je s největší pravděpodobností stále platná, vykazuje tento zákon určitou mezinárodní a politickou hodnotu.
100/1961 Sb.;provádění mezinárodních smluv;Zákon o úpravě některých nároků a závazků mezi československými a rumunskými osobami;obsoletní;Předmětem úpravy je provedení Dohody mezi Československou republikou a Rumunskou lidovou republikou o úpravě některých otevřených finančních a majetkových otázek, která i z dnešního pohledu plní určitý při nejmenším politický rozměr. Dohoda je vedena v seznamu vyhlášených mezinárodních smluv, k jejichž ratifikaci dal souhlas zákonodárný sbor a jimiž je Česká republika vázána, které jsou v evidenci MZV. S ohledem na obsah právní úpravy a uplynutí doby od jejího přijetí lze předpokládat, že nároky specifikované v analyzovaném zákoně již zanikly, případně jsou promlčeny, proto se jedná o vyhaslou právní úpravu. Nicméně s ohledem na vazbu tohoto zákona na uvedenou Dohodu mezi Československou republikou a Rumunskou lidovou republikou o vypořádání nevyřízených majetkových otázek, která je s největší pravděpodobností stále platná, je třeba vyhodnocení právního předpisu konzultovat s gestory a před případným návrhem na zrušení právního předpisu zvážit veškeré kulturně historické souvislosti.
112/1964 Sb.;státní vyznamenání;Zákonné opatření předsednictva Národního shromáždění, jímž se zřizuje Pamětní medaile k 20. výročí Slovenského národního povstání;obsoletní;Dle čl. 5 stanov zákonného opatření č. 112/1964 Sb. propůjčuje pamětní medaili president republiky, a to na návrh vlády. Vládě poté předkládá návrhy Slovenská národní rada. Slovenská národní rada tvořila zákonodárnou moc na Slovensku, a to až do roku 1992, posléze se přeměnila na Národní radu Slovenské republiky. Vzhledem k neexistenci této rady, jejíž kompetence se navíc vztahovaly na cizí státní území, lze považovat předpis za obsoletní, nicméně před případným návrhem na zrušení předpisu je třeba zvážit všechna kulturně historická hlediska.
318/1920 Sb.;uznání zásluh;Zákon o o čestném daru prvnímu presidentu Československé republiky.;obsoletní;Jednorázový právní předpis, který se vyčerpal zmocněním vlády. Před případným návrhem na zrušení předpisu je však třeba zvážit veškerá související kulturně-historická hlediska.
117/1990 Sb.;uznání zásluh;Zákon o zásluhách M. R. Štefánika;obsoletní;Posuzovaný předpis deklaruje zásluhy Milana Rastislava Štefánika na vzniku samostatného československého státu a ukládá vyvěšení pamětní desky na budově Federálního shromáždění jako ocenění zásluh této osobnosti na vzniku společného státu Čechů a Slováků. Ačkoliv československý stát jako společný stát Čechů a Slováků již v současnosti neexistuje a neexistuje ani Federální shromáždění jako zákonodárný sbor, přičemž jeho budova je v současnosti užívána pro potřeby Národního muzea, je třeba před případným návrhem na zrušení posuzovaného předpisu zvážit veškerá související kulturně-historická hlediska, neboť M.R. Štefánik se nezastupitelným způsobem zasloužil o vznik samostatného státu, jehož je Česká republika nástupnickým státem.
8/1918 Sb.;vznik ČSR;Zákon, jímž se zrušuje zabavení jmění pro činy velezrádné.;obsoletní;Příslušným soudům bylo uloženo z úřední povinnosti zrušit zákonem označená soudní rozhodnutí, lze proto předpokládat, že všechna předmětná soudní rozhodnutí již byla zrušena, jedná se tedy zjevně o již neaplikovatelný právní předpis. Z kulturně-historických důvodů navrhujeme právní předpis nerušit jako memento nespravedlivosti bývalé rakouské justice a následků válečných poměrů.
84/1919 Sb.;vznik ČSR;Zákon, jímž se ministr financí zmocňuje, aby provedl nařízením okolkování bankovek a soupis jmění za účelem uložení majetkové dávky.;obsoletní;Jedná se o právní předpis upravující měnu a oběh platidel v československém státě a zmocnění k provedení soupisu jmění, jedná se tak o právní předpis, jehož účel se již vyčerpal; přesto je třeba před případným návrhem na zrušení předpisu zvážit veškerá související kulturně-historická hlediska.
236/1920 Sb.;vznik ČSR;Ústavní zákon, kterým se doplňují a mění dosavadní ustanovení o nabývání a pozbývání státního občanství a práva domovského v republice Československé.;obsoletní;Právní předpis byl částečně zrušen z. č. 194/1949 Sb., který obsahoval GDK rušící všechny všeobecné předpisy a nabývání a pozbývání státního občanství. Zároveň však v bodě 5 demonstrativního výčtu uvádí toliko §§ 2 a 3 nadřazeného ústavního zákona č. 236/1920 Sb. z. a n. - je tedy zjevné, že tento zákon v jeho ostatních paragrafech zákonodárce nepovažoval za všeobecný předpis o nabývání a pozbývání státního občanství, ale za speciální právní úpravu, která měla řešit poválečnou situaci. V tom lze také spatřovat jistou kulturně historickou hodnotu - založení státního občanství pro celé generace osob. Zároveň ve svém § 17 zakazuje členům dynastie Habsbursko-Lotrinské nabývat státní občanství a dosavadní občanství těchto osob ruší. Jde tedy o téma, které může být citlivě vnímáno, byť v současnosti již zřejmě nemůže mít účinky na právní vztahy jím upravené.
Zákon zároveň dle § 177 odst. 2 ÚZ č. 150/1948 Sb. z. a n. pozbyl povahy ústavního zákona.
152/1926 Sb.;vznik ČSR;Ústavný zákon o udelení štátneho občianstva československého niektorým osobám.;obsoletní;Ústavní zákon stanoví nárok na st. občanství ČSR občanům býv. Uherska, kteří za splnění dalších podmínek  po stanovenou dobu před 1. lednem 1910 nepřetržitě žili na úz. Slovenské republiky nebo Podkarpatské Rusi; jakožto ústavní zákon nebyl zrušen v rámci GDK z. č. 194/1949 Sb. vzhledem k době která uplynula, již nemůže působit pr. účinky, vztahuje se také k území, které již není součástí ČR (ale také k občanství ČSR), nicméně před případným návrhem na zrušení předpisu je třeba zvážit veškerá související kulturně-historická hlediska.
76/1920 Sb.;vznik ČSR;Zákon o inkorporaci kraje Hlučínského.;obsoletní;předmětem úpravy je rozšíření suverenity československého státu na území Hlučínského kraje, recepce zákonů a zmocnění vlády k zavedení správy a soudnictví  - zákon byl přijat na základě mezinárodní smlouvy, v současné době jsou tyto právní oblasti upravené novou právní úpravou, tudíž tento zákon již nemá žádný dopad na současné právní vztahy, přesto je třeba před případným návrhem na zrušení předpisu zvážit veškerá související kulturně-historická hlediska
135/1920 Sb.;zřízení vysokých škol, nemocnic, kulturních institucí;Zákon o poměru pražských universit.;obsoletní;Zákon stanoví, že České universitě vrací se jméno Universita Karlova, dále že „Česká universita jest pokračovatelkou starobylého vysokého učení Karlova“  a zároveň bylo zákonem Univerzitě Karlově přiznáno dosud sporné historické dědictví – mj. Karolinum, insignie, umělecké předměty nebo univerzitní archiv (majetek vysokých škol ale přešel po roce 1948 na stát a k jeho převodu zpět na vysoké školy došlo až dle z. č. 111/1998 Sb. - § 101 odst. 5). Předpis ovšem nebude zrušen z důvodu jeho symbolického místa ve vývoji právní historie Univerzity Karlovy.
163/1990 Sb.;zřízení vysokých škol, nemocnic, kulturních institucí;Zákon o bohosloveckých fakultách;obsoletní;Posuzovaným předpisem došlo k začlenění bohosloveckých fakult zpět do struktur existujících univerzit, jejichž součástmi jsou dosud. Předpis rovněž zřizuje nové bohoslovecké fakulty či obnovuje v minulosti existující a v roce 1950 zrušené fakulty. Nejedná se však o kreační akt vysoké školy ani jeho novelu, jde o organizační předpis, který splnil svůj účel a v současnosti již nepůsobí na právní vztahy. S ohledem na skutečnost, že předpis také obnovuje Cyrilometodějskou bohosloveckou fakultu v Olomouci, která existuje do současnosti, je však třeba před případným návrhem na zrušení předpisu zohlednit veškerá související kulturně-historická hlediska.
288/1990 Sb.;aktuální;Zákon České národní rady o opatřeních v soustavě ústředních orgánů státní správy České republiky;platný;Posuzovaný předpis zřizoval a rušil ústřední orgány státní správy a v návaznosti na tyto změny novelizoval zákon č. 2/1969 Sb., o zřízení ministerstev a jiných ústředních orgánů státní správy České socialistické republiky, který je nadále platný a účinný. S ohledem na tuto skutečnost je nadále platný a účinný i posuzovaný předpis, byť některá jeho jednotlivá ustanovení již byla překonána pozdější úpravou či se vyčerpala zrušením příslušných orgánů státní správy.
132/2006 Sb.;aktuální;Zákon o kronikách obcí;platný;Předpis nebyl zrušen ani nahrazen pozdější právní úpravou a je platnou 
a součástí právního řádu účinkující na právní vztahy.
134/2013 Sb.;aktuální;Zákon o některých opatřeních ke zvýšení transparentnosti akciových společností a o změně dalších zákonů;platný;předpis nebyl zrušen ani nahrazen lex posterior, novelizuje platný pr. předpis, je platný a účinkuje na právní vztahy
272/1996 Sb.;aktuální;Zákon, kterým se provádějí některá opatření v soustavě ústředních orgánů státní správy České republiky;platný;Analyzovaný předpis novelizuje zákony, jež jsou oba vyhodnoceny jako platné a účinné. Z tohoto důvodu je i posuzovaný předpis platný a účinný.
15/1993 Sb.;aktuální;Zákon České národní rady o Armádě České republiky;platný;Předpis novelizuje stále platný z. č. 592/1992 Sb., proto jakožto novela platného předpisu je platný i tento analyzovaný předpis.
381/2015 Sb.;aktuální;Zákon o jednorázovém příspěvku důchodci;platný;Předpis stanoví jednorázový příspěvek důchodci. Dle § 3 odst. 5 předpisu nárok na příspěvek zaniká, pokud žádost o poskytnutí příspěvku nebo žádost o důchod, k němuž by příspěvek náležel, nebudou podány nejpozději do 31. prosince 2016. Byl-li příspěvek vyplacen neprávem, má orgán sociálního zabezpečení, který příspěvek vyplatil, nárok na vrácení neprávem vyplaceného příspěvku. Při vymáhání neprávem vyplaceného příspěvku se postupuje obdobně jako při vymáhání neprávem vyplaceného důchodu, dle § 118a odst. 3 zák. č. 582/1991 Sb. tedy činí promlčecí lhůta 5 let. Do 31. prosince 2021 tak může analyzovaný předpis působit na právní vztahy, poté se stane obsoletním.
342/1999 Sb.;financování státu;Zákon o státních dluhopisových programech na úhradu jistin státního dluhu splatných v roce 2000 a schodku státního rozpočtu České republiky za rok 1999 převyšujícího rozpočtovaný schodek;platný;předmětem úpravy je státní dluhopisový program na úhradu jistin státního dluhu splatných v roce 2000 a státní dluhopisový program na úhradu schodku státního rozpočtu České republiky za rok 1999 převyšujícího rozpočtovaný schodek; závazky vyplývající ze státního dluhopisového program na úhradu jistin státního dluhu splatných v roce 2000 mají být nejpozději splaceny 35 let od nabytí účinnosti, předpis má stále dopad na současné právní vztahy
493/2000 Sb.;financování státu;Zákon o státních dluhopisových programech na úhradu schodku státního rozpočtu České republiky za rok 1999 a na úhradu jistin státního dluhu splatných v letech 2001 a 2002 a o změně zákona č. 218/2000 Sb., o rozpočtových pravidlech a o změně některých souvisejících zákonů (rozpočtová pravidla);platný;Předpis kromě ustanovení dluhopisových programů ke krytí rozpočtových schodků novelizuje platný zákon o rozpočtových pravidlech, nebyl zrušen ani nahrazen pozdější právní úpravou a je platnou součástí právního řádu.
170/2001 Sb.;financování státu;Zákon o státním dluhopisovém programu na úhradu závazků plynoucích ze Smlouvy mezi vládou České republiky, vládou Slovenské republiky a vládou Spolkové republiky Německo o ukončení vzájemného zúčtovacího styku v převoditelných rublech a vypořádání vzájemných závazků a pohledávek, které vznikly jako saldo v převoditelných rublech ve prospěch Spolkové republiky Německo, o změně zákona č. 407/2000 Sb., o státním dluhopisovém programu na částečnou náhradu škod zemědělským subjektům postiženým suchem v roce 2000, a o změně zákona č. 424/1991 Sb., o sdružování v politických stranách a v politických hnutích, ve znění pozdějších předpisů;platný;předpis upravuje státní dluhopisový program a novelizuje platný a účinný zákon č. 424/1991 Sb., o politických stranách. Novela tak sleduje osud novelizovaného předpisu a je třeba zákon označit za platný.
313/2004 Sb.;financování státu;Zákon o státním dluhopisovém programu na úhradu části rozpočtovaného schodku státního rozpočtu České republiky na rok 2004 a o změně zákona č. 353/2003 Sb., o spotřebních daních, ve znění zákona č. 479/2003 Sb.;platný;Účelem státního dluhopisového programu je úhrada části rozpočtovaného schodku státního rozpočtu České republiky na rok 2004. Poslední emise dluhopisů dle tohoto zákona proběhla v roce 2005 se splatností ro doku 2020. Posuzovaný zákon dále v části druhé novelizuje stále platný a účinný zákon č. 353/2003 Sb. o spotřebních daních. Předpis jako celek je tak platnou součástí právního řádu ČR.
547/2005 Sb.;financování státu;Zákon o státním dluhopisovém programu na úhradu závazku ze státní záruky za konsolidaci a stabilizaci bankovního sektoru a finančních dopadů z dělení majetku České a Slovenské Federativní Republiky mezi Českou republikou a Slovenskou republikou ve prospěch České národní banky;platný;Předmětem úpravy je státní dluhopisový program; veškeré závazky vyplývající ze státního dluhopisového programu musejí být splaceny nejpozději uplynutím 55 let ode dne nabytí účinnosti tohoto zákona; v r. 2007 přitom byla vydána 2. tranše 49. emise státních dluhopisů se splatností v r. 2036. Předpis je tedy potřeba považovat za platnou a účinnou součást českého právního řádu.
105/2007 Sb.;financování státu;Zákon o státním dluhopisovém programu na úhradu jistin státních dluhopisů odkupovaných z trhu v roce 2007;platný;Dle ust. § 1 odst. 3 posuzovaného předpisu bylo stanoveno, že veškeré závazky vyplývající z daného státního dluhopisového programu budou splaceny nejpozději uplynutím 40 let ode dne nabytí účinnosti tohoto zákona. S ohledem na to, že z otevřených zdrojů nelze dohledat, zda podle posuzovaného předpisu byly vydány dluhopisy s konkrétní splatností a vzhledem k tomu, že výše citovaná lhůta končí rokem 2047,  je třeba nahlížet na předpis jako na platný a účinný.
175/2007 Sb.;financování státu;Zákon o státním dluhopisovém programu na úhradu části rozpočtovaného schodku státního rozpočtu České republiky na rok 2007;platný;Posuzovaný pr. předpis upravuje státní dluhopisy na úhradu rozpočtovaného schodku státního rozpočtu České republiky na rok 2007. Tyto dluhopisy byly vydány se splatností v r. 2017 (viz https://www.mfcr.cz/cs/verejny-sektor/rizeni-statniho-dluhu/emise-statnich-dluhopisu/oznameni-o-aukci-sdd/2008/oznameni-o-aukci-9-transe-51-emise-stred-8785). S ohledem na to, že schodek státního rozpočtu za rok 2007 byl již vypořádán (viz státní závěrečný účet za tento rok), nelze již předpokládat účinky analyzovaného předpisu na existující právní vztahy či vydání dalších dluhopisů.
134/2008 Sb.;financování státu;Zákon o přijetí úvěrů Českou republikou od Evropské investiční banky na financování národních podílů u projektů spolufinancovaných z Operačního programu doprava v programovém období 2007 až 2013;platný;Zákonem bylo umožněno přijetí úvěru Českou republikou, přičemž úvěr se měl vztahovat na financování národních podílů u projektů spolufinancovaných z Operačního programu doprava v programovém období 2007-2013, a to v celkové výši do 34 000 000 000 Kč. Dle informací ze stránek Ministerstva financí (https://www.mfcr.cz/cs/zahranicni-sektor/mezinarodni-spoluprace/mezinarodni-instituce/eib-evropska-investicni-banka-11649) bylo právo přijmout úvěr realizováno podpisem smlouvy o úvěru pro projekt Operační program Doprava – A ve výši 14 000 000 000 Kč dne 13.12.2007, pro projekt Operační program Doprava – B ve výši 10 000 000 000 Kč dne 18.12.2008 a pro projekt Operační program Doprava – C ve výši 10 000 000 000 Kč dne 23.07.2010. S ohledem na to, že úvěr dle jednotlivých smluv ještě nebyl České republice poskytnut v maximální možné výši a z otevřených zdrojů nelze zjistit podmínky, za kterých byly smlouvy o úvěru podepsány ani maximální počet tranší, ve kterých může být úvěr čerpán, je analyzovaný předpis třeba vyhodnotit jako platný.
299/2008 Sb.;financování státu;Zákon o státním dluhopisovém programu na úhradu jistin státního dluhu, splatných v letech 2009 a 2010, a na úhradu jistin státních dluhopisů odkupovaných z trhu v letech 2009 a 2010;platný;Dle ust. § 1 odst. 4 posuzovaného předpisu bylo stanoveno, že veškeré závazky vyplývající z daného státního dluhopisového programu budou splaceny nejpozději uplynutím 55 let ode dne nabytí účinnosti tohoto zákona. S ohledem na to, že z otevřených zdrojů nelze dohledat, zda podle posuzovaného předpisu byly vydány dluhopisy s konkrétní splatností a vzhledem k tomu, že výše citovaná lhůta končí rokem 2063,  je třeba nahlížet na předpis jako na platný a účinný.
413/2008 Sb.;financování státu;Zákon o státním dluhopisovém programu na úhradu jistin státních dluhopisů odkupovaných z trhu v roce 2008;platný;Dle ust. § 1 odst. 3 posuzovaného předpisu bylo stanoveno, že veškeré závazky vyplývající z daného státního dluhopisového programu budou splaceny nejpozději uplynutím 50 let ode dne nabytí účinnosti tohoto zákona. S ohledem na to, že z otevřených zdrojů nelze dohledat, zda podle posuzovaného předpisu byly vydány dluhopisy s konkrétní splatností a vzhledem k tomu, že výše citovaná lhůta končí rokem 2058,  je třeba nahlížet na předpis jako na platný a účinný.
214/2009 Sb.;financování státu;Zákon o státním dluhopisovém programu na úhradu části rozpočtovaného schodku státního rozpočtu České republiky na rok 2009 a o změně zákona č. 218/2000 Sb., o rozpočtových pravidlech a o změně některých souvisejících zákonů (rozpočtová pravidla), ve znění pozdějších předpisů;platný;Posuzovaný předpis jednak upravuje pravidla státního dluhopisového programu k vydání dluhopisů sloužícících k úhradě schodku státního rozpočtu na rok 2009 se splatností maximálně 55 let , jednak novelizuje dosud platný a účinný zákon č. 218/2000 Sb., o rozpočtových pravidlech a o změně některých souvisejících zákonů (rozpočtová pravidla) -  posuzovaný předpis tedy nadále působí na právní vztahy, a proto je platný a účinný.
411/2010 Sb.;financování státu;Zákon o státním dluhopisovém programu na úhradu jistin státního dluhu splatných v letech 2011 a 2012 a na úhradu jistin státních dluhopisů odkupovaných z trhu v letech 2011 a 2012;platný;Dle ust. § 1 odst. 4 posuzovaného předpisu bylo stanoveno, že veškeré závazky vyplývající z daného státního dluhopisového programu budou splaceny nejpozději uplynutím 55 let ode dne nabytí účinnosti tohoto zákona. S ohledem na to, že z otevřených zdrojů nelze dohledat, zda podle posuzovaného předpisu byly vydány dluhopisy s konkrétní splatností a vzhledem k tomu, že výše citovaná lhůta končí rokem 2065,  je třeba nahlížet na předpis jako na platný a účinný.
89/2014 Sb.;financování státu;Zákon o státním dluhopisovém programu na úhradu jmenovitých hodnot státních dluhopisů a některých dalších dluhů státu splatných v roce 2014;platný;Dle ust. § 2 posuzovaného předpisu bylo stanoveno, že veškeré závazky vyplývající z daného státního dluhopisového programu budou splaceny nejpozději uplynutím 105 let ode dne nabytí účinnosti tohoto zákona. S ohledem na to, že z otevřených zdrojů nelze dohledat, zda podle posuzovaného předpisu byly vydány dluhopisy s konkrétní splatností a vzhledem k tomu, že výše citovaná lhůta končí rokem 2119, je třeba nahlížet na předpis jako na platný a účinný.
179/2018 Sb.;financování státu;Zákon o poskytnutí státní záruky České republiky na zajištění zápůjčky České národní banky pro Mezinárodní měnový fond;platný;Předpis nebyl zrušen ani nahrazen lex posterior, je platný. Konečná splatnost zápůjčky je dle důvodové zprávy omezena na 10 let od data čerpání poslední tranše, nejdéle tedy do 31. 12. 2030.
255/1921 Sb.;počítání času;Zákon, kterým se zavádí 24hodinové počítání času.;platný;stále živý a potřebný předpis, který nebyl zrušen ani nahrazen pozdější právní úpravou a stále vyvolává právní účinky
212/1946 Sb.;počítání času;Zákon o zimním čase;platný;Předpis zmocňuje vládu k zavedení zimního času odchylkou od středoevropského času. Předpis je stále platným právním předpisem, v souladu s unijní úpravou (směrnice Evropského parlamentu a Rady 2000/84/ES ze dne 19. ledna 2001 o úpravě letního času) se však již vydávají pouze nařízení vlády o zavedení letního času v konkrétních časových obdobích podle zákona č. 54/1946 Sb. z. a n., o letním čase, tedy nařízení vlády podle analyzovaného zákona se v současné době nevydavájí.
54/1946 Sb.;počítání času;Zákon o letním čase;platný;předpis zmocňuje vládu k zavedení letního času odchylkou od středoevropského času; předpis je stále platný a účinný
169/1990 Sb.;polistopadové usporádání;Zákon o občanských komisích působících v resortech ministerstev vnitra a o změně a doplnění zákona č. 100/1970 Sb., o služebním poměru příslušníků Sboru národní bezpečnosti, ve znění zákonů č. 63/1983 Sb. a č. 74/1990 Sb.;platný;Posuzovaný předpis novelizuje zákona č. 100/1970 Sb., o služebním poměru příslušníků Sboru národní bezpečnosti, ve znění zákonů č. 63/1983 Sb. a č. 74/1990 Sb., který pozbyl podle § 129 zákona č. 334/1991 Sb. od 27.8.1991 Sb. platnost ve vztahu k policistům Federálního policejního sboru a Sboru hradní policie a podle § 160 zákonač. 186/1992 Sb. pozbyl od 1.7.1992  platnost ve vztahu k policii a policistům a ke Sboru nápravné výchovy ČR a jeho příslušníkům. Posuzovaný předpis zřizoval občanské komise jako poradní a kontrolní orgány federálního ministerstva vnitra a ministerstev vnitra České a Slovenské republiky, jejich kompetence však postupně vyhasly, jak docházelo k pozbývání platnosti ustanovení zákona č. 100/1970 Sb. vůči jednotlivým skupinám adresátů. Nicméně posuzovaný zákon upravuje i pravidla pro nepřiznání příspěvku za službu týkající se příslušníků zařazených do Státní služby, přičemž ustanovení zákona č. 100/1970 Sb. upravující příspěvek za službu jsou nadále v praxi užívána, a proto je i posuzovaný předpis platný.
74/1990 Sb.;polistopadové usporádání;Zákon, kterým se stanoví nové znění vojenské přísahy a služební přísahy příslušníků Sboru národní bezpečnosti a Sborů nápravné výchovy, upravuje název československé armády, upravuje řádná dovolená vojáků v základní službě a jímž se mění zákon č. 40/1974 Sb., o Sboru národní bezpečnosti;platný;Článek I. posuzovaného předpisu, který upravoval služební poměr vojáků, byl výslovně zrušen ustanovením čl. VIII zákona č. 225/1999 Sb., kterým se mění některé zákony v souvislosti s přijetím zákona o vojácích z povolání. Článek II posuzovaného předpisu mění název Československé lidové armády na Československou armádu. S ohledem na následný rozpad ČSFR a vznik armády České republiky, se jedná o obsoletní ustanovení. Článek III posuzovaného předpisu novelizuje zákon č. 100/1970 Sb. Tento zákon upravuje v § 110 až § 114 ve spojení s § 129 příspěvek za službu a je v těchto částech stále používán, posuzovaný předpis je tedy stále platnou součástí právního řádu.
480/1991 Sb.;polistopadové usporádání;Zákon o době nesvobody;platný;Analyzovaný předpis stanoví období vlády komunistického režimu za dobu nesvobody, nebyl zrušen ani nahrazen pozdější právní úpravou a jde tak o stále platnou součást právního řádu.
57/1957 Sb.;provádění mezinárodních smluv;Zákon o úpravě některých nároků a závazků mezi československými a jugoslávskými občany;platný;Předmětem úpravy je provedení Dohody mezi Československou republikou a Federativní lidovou republikou Jugoslávie o vypořádání otevřených majetkových otázek, která i z dnešního pohledu plní určitý při nejmenším politický rozměr. Jako platná bilaterální smlouva mezi Českou republikou a Srbskem a Černou Horou byla tato dohoda označena v Programu rozvojové spolupráce mezi Českou republikou a Srbskem a Černou Horou na období 2006 - 2010. Dohoda je vedena v seznamu vyhlášených mezinárodních smluv, k jejichž ratifikaci dal souhlas zákonodárný sbor a jimiž je Česká republika vázána, které jsou v evidenci MZv
99/2000 Sb.;provádění mezinárodních smluv;Zákon o zákazu dodávek pro jadernou elektrárnu Búšehr;platný;Ačkoli se několik posledních let vedou v Poslanecké sněmovně diskuze, zda by se předpis měl či neměl zrušit, předpis doposud zrušen nebyl, neexistuje ani lex posterior a předpis je tak stále platný a účinný.
213/2011 Sb.;provádění mezinárodních smluv;Zákon o zákazu použití, vývoje, výroby, skladování a převodu kazetové munice a o jejím zničení (zákon o zákazu kazetové munice);platný;Posuzovaný právní předpis nebyl zrušen ani nahrazen ve smyslu lex posterior, je platnou součástí českého právního řádu účinkující na právní vztahy.
93/2018 Sb.;provádění mezinárodních smluv;Zákon o podmínkách využívání genetických zdrojů podle Nagojského protokolu;platný;předpis nebyl zrušen ani nahrazen lex posterior, stále vyvolává právní účinky, je tedy platný a účinný
191/2012 Sb.;provádění předpisu EU;Zákon o evropské občanské iniciativě;platný;Předpis nebyl zrušen ani nahrazen pozdější právní úpravou a je platnou součástí právního řádu působící na právní vztahy.
213/1919 Sb.;sloučení obcí;Zákon o sloučení sousedních obcí s Brnem.;platný;předmětem úpravy je sloučení obcí s Brnem - předpis má stále význam a nelze zrušit – především stanoví, že veškeré povinnosti, jmění, práva atd. těchto jednotlivých obcí přechází na obec nově vzniklou
214/1919 Sb.;sloučení obcí;Zákon o sloučení sousedních obcí s Olomoucem.;platný;předmětem úpravy je sloučení obcí s Olomoucí - předpis má stále význam a nelze zrušit – především stanoví, že veškeré povinnosti, jmění, práva atd. těchto jednotlivých obcí přechází na obec nově vzniklou
114/1920 Sb.;sloučení obcí;Zákon, kterým se sousední obce a osady slučují s Prahou.;platný;předmětem úpravy je sloučení obcí s Prahou – předpis má stále význam a nelze zrušit – především stanoví, že veškeré povinnosti, jmění, práva atd. těchto jednotlivých obcí přechází na obec nově vzniklou
15/1965 Sb.;státní vyznamenání;Zákonné opatření předsednictva Národního shromáždění, jímž se zřizuje Pamětní medaile k 20. výročí osvobození Československé socialistické republiky;platný;Předpis zřídil Pamětní medaili k 20. výročí osvobození Československé socialistické republiky; mj. v čl. 5 stanoví: Zemře-li vyznamenaný, ponechává se medaile pozůstalým k pietní úschově. Toto ustanovení je tedy stále živou součástí právního řádu.
404/1990 Sb.;státní vyznamenání;;platný;Všechna ustanovení s výjimkou §§ 16 a 18 posuzovaného předpisu byla výslovně zrušena ustanovením § 14 zákona č. 157/1994 Sb., o státních vyznamenáních České republiky. Původní návrh zákona č. 157/1994 Sb. navrhoval zrušení posuzovaného předpisu jako celku, ačkoliv předkladatelé zastávali názor, že s ohledem na skutečnost, že posuzovaný předpis upravoval vyznamenání České a Slovenské federativní republiky, nebyl do právního řádu České republiky recipován. Při projednávání návrhu zákona ve výborech Poslanecké sněmovny došlo k úpravě znění předloženého, kdy se v platnosti ponechala dvě ustanovení § 16 a § 18. Ustanovení § 16 upravuje zásadu, podle níž nelze s udělením či propůjčením vyznamenání, čestných titulů nebo jiných obdobných ocenění spojovat materiální či jiné výhody, a § 18 pak zásadu, že podle dosavadních předpisů nelze udělovat nebo propůjčovat řády, medaile nebo jiná obdobná ocenění, není však dotčeno právo tyto řády, medaile nebo jiná ocenění nosit. Má-li zákonodárce za to, že je třeba obě uvedené zásady zachovat v podobě právní normy, bylo by vhodnější vtělit úpravu do předpisu upravujícího státní vyznamenání České republiky a neponechávat v platnosti předpis upravující federální státní vyznamenání, když k zániku České a Slovenské federativní republiky došlo již před téměř třicet lety. Navíc v rámci analýzy byly předpisy upravující státní vyznamenání a jiná obdobná ocenění podrobeny kontrole s tím, že předpisy dosud nezrušené , ale zjevně obsoletní (např. zákon č. 21/1975 Sb., o udělování státních cen Klementa Gottwalda) byly identifikovány a není třeba kvůli nim zachovávat v platnosti § 18 posuzovaného předpisu. Pokud jde o právo nosit řády a jiná obdobná ocenění, pak není-li toto právo výslovně zákonem zakázáno, je povoleno. Ve vztahu k § 16 posuzovaného předpisu pak platí, že zákon č. 157/1994 Sb. žádné materiální či jiné výhody s udělením či propůjčením státních vyznamenání nespojuje.
22/1930 Sb.;uznání zásluh;Zákon o zásluhách T. G. Masaryka.;platný;Lex Masaryk. Podle názorů legislativců v době přijetí zákona ještě neexistovala vyznamenání, respektive existoval jen ne úplně dostatečný zákon č. 243/1920 Sb. Standardní zákon o vyznamenáních č. 268/1936 Sb. byl schválen až v roce 1936. Zákon má nepochybně kulturněhistorickou hodnotu. Účel zákona, tj. ocenění mimořádných zásluh prvního prezidenta Československého státu na jeho vzniku, nikdy nepominul a nepomine.
232/1935 Sb.;uznání zásluh;Zákon o státní poctě prvnímu presidentu Československé republiky T. G. Masarykovi.;platný;První československý prezident Tomáš Garrique Masaryk zemřel dne 
14. září 1937 v Lánech, po tomto se stalo ustanovení § 2, kterým se na 
dožití ponechával prezidentský plat a sídlo, bez významu. Nicméně vyjádření díku za osvoboditelské a budovatelské dílo, tak jak je vyjádřeno dle ust. § 1, je platné stále, předpis je tedy platný.
292/2004 Sb.;uznání zásluh;Zákon o zásluhách Edvarda Beneše;platný;Účelem posuzovaného zákona je ocenit zásluhy Edvarda Beneše o československý stát. Zákon byl přijat po vzoru zákona č. 22/1930 Sb., o zásluhách T. G. Masaryka. Účel posuzovaného zákona nepominul a ani do budoucna nepomine.
94/2012 Sb.;uznání zásluh;Zákon o zásluhách Václava Havla;platný;Dle důvodové zprávy je smyslem zákona ocenit nepopiratelné a mimořádné zásluhy Václava Havla o svobodu a demokracii. Tyto zásluhy se přitom zdaleka neváží pouze na období, kdy Václav Havel vykonával funkci prezidenta státu, ale i do období, kdy byl za své neotřesitelné morální postoje opakovaně perzekuován komunistickým režimem. Tyto zásluhy svým významem překračují hranice České republiky i bývalého Československa. Zákon nebyl zrušen ani nahrazen pozdější právní úpravou a je platnou a účinnou součástí právního řádu.
168/1924 Sb.;výkup místních drah;Zákon o výkupu místní dráhy Holič—Hodonín.;platný;právní předpis upravuje vlastnické vztahy (byl vlastnickým titulem) a může mít dopady i do současnosti
129/1928 Sb.;výkup místních drah;Zákon o nabytí místní dráhy Votice—Sedlčany státem.;platný;právní předpis upravuje vlastnické vztahy (byl vlastnickým titulem) a může mít dopady i do současnosti
78/1930 Sb.;výkup místních drah;Zákon o nabytí místních drah Zaječí—Čejč—Hodonín a Mutěnice—Kyjov státem.;platný;právní předpis upravuje vlastnické vztahy (byl vlastnickým titulem) a může mít dopady i do současnosti
96/1931 Sb.;výkup místních drah;Zákon o nabytí místní dráhy Litovel—Senice státem.;platný;právní předpis upravuje vlastnické vztahy (byl vlastnickým titulem) a může mít dopady i do současnosti
98/1931 Sb.;výkup místních drah;Zákon o nabytí místní dráhy Liberec—Jablonec—Tanvald státem.;platný;právní předpis upravuje vlastnické vztahy (byl vlastnickým titulem) a může mít dopady i do současnosti
73/1936 Sb.;výkup místních drah;Zákon o nabytí Ostravsko-Frýdlantské dráhy státem.;platný;právní předpis upravuje vlastnické vztahy (byl vlastnickým titulem) a může mít dopady i do současnosti
53/1948 Sb.;vyvlastnění;Zákon, kterým se vyvlastňují nemovitosti zapsané ve vložce č. 2423 pozemkové knihy pro katastrální území Královské Vinohrady;platný;Zákonem došlo k převodu vlastnického práva k nemovitostem, zapsaným ve vložce č. 2423 pozemkové knihy pro kastastrální území Královské Vinohrady, na československý stát. Domníváme se, že předpis je třeba považovat za nabývací titul k daným nemovitým věcem, a proto by měl zůstat platný.
11/1918 Sb.;vznik ČSR;Zákon o zřízení samostatného státu československého.;platný;Předpis nebyl zrušen ani nahrazen pozdější právní úpravou, jedná se o recepční normu, která má z hlediska právní kontinuity stále své místo v platném právním řádu.
61/1918 Sb.;vznik ČSR;Zákon, jímž zrušují se šlechtictví, řády a tituly.;platný;Jedná se o jeden z pilířů transformace státu a společnosti z monarchistického státního zřízení na republikánské státní zřízení, a též o základní zásadu, na které byla Československá republika vybudována, která se uplatnila i při vzniku České republiky a která se uplatňuje i nadále.
354/1921 Sb.;vznik ČSR;Zákon o převzetí statků a majetku, připadlých podle mírových smluv československému státu.;platný;jde o předpis, který je nabývacím titulem, tudíž by jeho zrušení mohlo způsobit přerušení řetězce právních titulů k vlastnictví nemovitostí i movitých věcí, pokud se v mezičase vlastnictví nezměnilo; jde také o předpis s historickým významem
504/1921 Sb.;vznik ČSR;Zákon, kterým se upravuje povinnost vrátiti nebo vydati věci movité pro státy oprávněné k jich požadování.;platný;zákon navazuje na mezinárodní mírové smlouvy a jeho zrušení by mohlo mít nepředvídané dopady do mezinárodních závazků ČR, může být stále použitelný, má kulturně-historický význam
156/1926 Sb.;vznik ČSR;Zákon o pohledávkách ze závazků vzniklých bývalému Rakousku, bývalému Uhersku, bývalému mocnářství Rakousko-uherskému, říši Německé a německým státům.;platný;Předmětem tohoto zákona je provedení ustanovení  mírové smlouvy Saint-Germainské a Trianonské,  jakož i Versailleské (stanoví, že československý stát není ničím povinován ze závazků vzniklých úmluvami vlád bývalého Rakouska, bývalého Uherska a bývalého mocnářství Rakousko-uherského, říši Německé a německým státům).
98/1937 Sb.;vznik ČSR;Zákon o platnosti sňatků uzavřených v době od 28. října 1918 do 13. července 1919 na území Slovenska nebo Podkarpatské Rusi pouze před duchovním správcem.;platný;Předpis stanovil platnost sňatků uzavíraných na Slovensku a v Podkarpatské Rusi - i přesto se může týkat sňatků českých občanů, jejichž potomci od tohoto sňatku jednak odvozují svůj osobní status, občanství apod., jednak pravděpodobně na základě platných sňatků docházelo k dědění, přičemž není vyloučeno dodatečné dědické řízení, které by mohlo být po osobách, o jejichž sňatcích se v předpisu hovoří, stále ještě konáno.
587/2004 Sb.;zrušené právní instituty ;Zákon o zrušení civilní služby a o změně a zrušení některých souvisejících zákonů;platný;Posuzovaný zákon zrušuje institut civilní služby. Výkon civilní služby byl ukončen současně s ukončením výkonu vojenské základní služby dnem 22. prosince 2004, nevykonaná civilní služba nebo její nevykonaná část byla tímto dnem prominuta. Podle § 2 posuzovaného zákona Ministerstvo práce a sociálních věci uschovává spisy o občanech povinných výkonem civilní služby do konce kalendářního roku, v němž občan dovrší nebo by dovršil 80 let věku. Po uplynutí cca 17 let od zrušení civilní služby je tak zákon stále platnou a účinnou součástí právního řádu.
76/1918 Sb.;zřízení vysokých škol, nemocnic, kulturních institucí;Zákon o zřízení československé státní „Vysoké školy zvěřolékařské v Brně“.;platný;Předmětem právní úpravy je zřízení školy - škola, která se jím zřizuje, stále existuje (byť pod jiným názvem a v jiné právní formě), právní předpis tak i v dnešní době má svůj význam z hlediska zachování kontinuity existence školy.
460/1919 Sb.;zřízení vysokých škol, nemocnic, kulturních institucí;Zákon, kterýmž se zřizuje samostatná československá státní „Vysoká škola zemědělská v Brně“.;platný;Předmětem právní úpravy je zřízení školy - škola, která se jím zřizuje, stále existuje, byť v jiné právní formě, účinky právního předpisu tak přetrvávají dodnes, pouze došlo ke změně názvu školy zákonem č. 192/1994 Sb. na Mendelova zemědělská a lesnická univerzita v Brně a později zákonem č. 419/2009 Sb. na Mendelova univerzita v Brně.
50/1919 Sb.;zřízení vysokých škol, nemocnic, kulturních institucí;Zákon, kterým se zřizuje druhá česká universita.;platný;Jedná se o kreační akt vysoké školy, která stále, byť v jiné právní formě, existuje - Masarykovy univerzity v Brně, právní účinky předpisu tedy přetrvávají.
68/1925 Sb.;zřízení vysokých škol, nemocnic, kulturních institucí;Zákon, kterým se ku všeobecné nemocnici v Praze připojuje vojenská nemocnice v Praze-II. a zřizuje Masarykova vojenská nemocnice v Praze.;platný;Předpis je nutné považovat za platný, byť by jeho zrušením nedošlo ke zrušení dočených nemocnic.V roce 1950 byla Masarykova vojenská nemocnice přejmenována na Ústřední vojenskou nemocnici. Spadala pod vojenskou zdravotnickou službu Československé lidové armády a jako taková byla zcela podřízena Ministerstvu národní obrany ČSSR. V roce 2012 ministr obrany nemocnici udělil statut „vojenské fakultní nemocnice“
35/1946 Sb.;zřízení vysokých škol, nemocnic, kulturních institucí;Zákon o obnovení university v Olomouci;platný;předmětem úpravy je obnovení univerzity v Olomouci; jedná se o kreační akt VŠ, která stále existuje, byť pod jiným názvem, je tudíž stále platný
53/1946 Sb.;zřízení vysokých škol, nemocnic, kulturních institucí;Zákon o zřízení Vysoké školy umělecko-průmyslové v Praze;platný;předmětem úpravy je zřízení VŠUP; jedná se o kreační akt VŠ, která stále existuje, je tudíž stále platný
168/1947 Sb.;zřízení vysokých škol, nemocnic, kulturních institucí;Zákon o zřízení vysoké školy Janáčkovy akademie musických umění v Brně;platný;Předpis zřizuje VŠ, která stále existuje, je tedy platný.
148/1949 Sb.;zřízení vysokých škol, nemocnic, kulturních institucí;Zákon o Národní galerii v Praze;platný;předpis zřizuje instituci, která stále existuje
169/1968 Sb.;zřízení vysokých škol, nemocnic, kulturních institucí;Zákon o zřízení Vysoké školy veterinární v Brně a Vysoké školy veterinární v Košicích;platný;Předpisem se mj. znovu zřizuje Vysoká škola veterinární v Brně, která byla založena z. č. 76/1918 Sb. z. a n. a později sloučena s Vysokou školou zemědělskou v Brně dle VN č. 30/1952 Sb. Dle důvodové zprávy byla přeměna zpět na samostatnou vysokou školu provedena mj. z tohoto důvodu:  Vysoká škola zvěrolékařská (veterinární) je ve své podstatě školou se speciálním profilem a posláním, naproti tomu vysoké školy zemědělské jsou školami inženýrského směru a mají výrazně odlišné zaměření. - viz důvodová zpráva k z. č. 169/1968 Sb. dostupná zde: https://www.psp.cz/eknih/1964ns/tisky/t0219_00.htm. Existuje zde tedy návaznost na původní kreační akt z roku 1918. V současnosti škola funguje pod názvem Veterinární univerzita Brno. S ohledem na skutečnost, že právní postavení vysokých škol v době socialismu bylo jiné, než je dnes, nelze s jistotou tvrdit, že by analyzovaný předpis byl vyhaslý, je možno jej považovat za kreační akt existující vysoké školy s přetrvávajícími právními účinky.
314/1991 Sb.;zřízení vysokých škol, nemocnic, kulturních institucí;Zákon České národní rady o zřízení Slezské univerzity, Jihočeské univerzity, Západočeské univerzity, Univerzity Jana Evangelisty Purkyně a Ostravské univerzity;platný;Jde o kreační akt několika stále existujících vysokých škol, předpis nebyl zrušen ani nahrazen lex posterior.
192/1994 Sb.;zřízení vysokých škol, nemocnic, kulturních institucí;Zákon o změně názvu některých vysokých škol uvedených v příloze zákona č. 172/1990 Sb., o vysokých školách;platný;Analyzovaným zákonem došlo ke změnám v názvech mj. těchto vysokých škol: Název Vysoká škola báňská v Ostravě se mění a zní: Vysoká škola báňská -- Technická univerzita Ostrava.; Název Vysoká škola strojní a textilní v Liberci se mění a zní: Technická univerzita v Liberci.; Název Vysoká škola zemědělská v Praze se mění a zní: Česká zemědělská univerzita v Praze. Pod tímto názvem působí tyto vysoké školy dodnes.  Jedná se tak o platný právní předpis.