fragment.id;fragment.text_clean;from;to;to_upd;remark
56569501;5) Například občanský zákoník, obchodní zákoník, trestní řád, zákon č. 527/1990 Sb., o vynálezech, průmyslových vzorech a zlepšovacích návrzích, ve znění pozdějších předpisů, zákon č. 101/2000 Sb., o ochraně osobních údajů a o změně některých zákonů, ve znění zákona č. 227/2000 Sb., zákon č. 148/1998 Sb.;100/2001 Sb.;101/2000 Sb.;NA;GDPR
56569501;5) Například občanský zákoník, obchodní zákoník, trestní řád, zákon č. 527/1990 Sb., o vynálezech, průmyslových vzorech a zlepšovacích návrzích, ve znění pozdějších předpisů, zákon č. 101/2000 Sb., o ochraně osobních údajů a o změně některých zákonů, ve znění zákona č. 227/2000 Sb., zákon č. 148/1998 Sb.;100/2001 Sb.;227/2000 Sb.;NA;GDPR
56569501;5) Například občanský zákoník, obchodní zákoník, trestní řád, zákon č. 527/1990 Sb., o vynálezech, průmyslových vzorech a zlepšovacích návrzích, ve znění pozdějších předpisů, zákon č. 101/2000 Sb., o ochraně osobních údajů a o změně některých zákonů, ve znění zákona č. 227/2000 Sb., zákon č. 148/1998 Sb.;100/2001 Sb.;513/1991 Sb.;89/2012 Sb.;NOZ
56569499;4c) Například zákon č. 123/1998 Sb., o právu na informace o životním prostředí, ve znění zákona č. 132/2000 Sb., zákon č. 148/1998 Sb., o ochraně utajovaných skutečností a o změně některých zákonů, ve znění pozdějších předpisů, zákon č. 101/2000 Sb., o ochraně osobních údajů a o změně některých zákonů, ve znění pozdějších předpisů.;100/2001 Sb.;101/2000 Sb.;NA;GDPR
56569499;4c) Například zákon č. 123/1998 Sb., o právu na informace o životním prostředí, ve znění zákona č. 132/2000 Sb., zákon č. 148/1998 Sb., o ochraně utajovaných skutečností a o změně některých zákonů, ve znění pozdějších předpisů, zákon č. 101/2000 Sb., o ochraně osobních údajů a o změně některých zákonů, ve znění pozdějších předpisů.;100/2001 Sb.;132/2000 Sb.;NA;GDPR
13908116;51) § 2 odst. 2 zákona č. 513/1991 Sb., obchodní zákoník, ve znění zákona č. 85/2004 Sb.;100/2004 Sb.;513/1991 Sb.;89/2012 Sb.;NOZ § 420-422
13908116;51) § 2 odst. 2 zákona č. 513/1991 Sb., obchodní zákoník, ve znění zákona č. 85/2004 Sb.;100/2004 Sb.;85/2004 Sb.;NA;NOZ § 420-422
13908119;54) Zákon č. 101/2000 Sb., o ochraně osobních údajů, ve znění pozdějších předpisů.;100/2004 Sb.;101/2000 Sb.;NA;GDPR
11209411;8) Zákon č. 99/1963 Sb., občanský soudní řád, ve znění pozdějších předpisů.;101/2001 Sb.;99/1963 Sb.;99/1963 Sb.;OSŘ
11212246;7b) Například obchodní zákoník, zákon č. 123/2000 Sb., nařízení vlády č. 181/2001 Sb., ve znění nařízení vlády č. 336/2001 Sb., nařízení vlády č. 191/2001 Sb., ve znění nařízení vlády č. 337/2001 Sb., a nařízení vlády č. 286/2001 Sb.;102/2001 Sb.;513/1991 Sb.;89/2012 Sb.;NOZ
17752311;4) Zákon č. 513/1991 Sb., obchodní zákoník, ve znění pozdějších předpisů.;104/2008 Sb.;513/1991 Sb.;90/2012 Sb.;ZOK
8914508;4a) Například § 11 až 16 občanského zákoníku, § 5 a 10 zákona č. 101/2000 Sb., o ochraně osobních údajů a o změně některých zákonů.;106/1999 Sb.;101/2000 Sb.;NA;GDPR
8914509;4b) § 5 odst. 2 písm. a) zákona č. 101/2000 Sb.;106/1999 Sb.;101/2000 Sb.;NA;GDPR
8914511;6) § 17 zákona č. 513/1991 Sb., obchodní zákoník.;106/1999 Sb.;513/1991 Sb.;89/2012 Sb.;NOZ § 504
56183834;10) Zákon č. 101/2000 Sb., o ochraně osobních údajů a o změně některých zákonů, ve znění pozdějších předpisů.;108/2006 Sb.;101/2000 Sb.;NA;GDPR
56183861;35) Například § 128 občanského soudního řádu, § 8 trestního řádu.;108/2006 Sb.;99/1963 Sb.;99/1963 Sb.;OSŘ
12195641;2) § 76a občanského soudního řádu.;109/2002 Sb.;99/1963 Sb.;292/2013 Sb.;zák. zvl. ř. s.
12195650;8b) Zákon č. 101/2000 Sb., o ochraně osobních údajů a o změně některých zákonů, ve znění pozdějších předpisů.;109/2002 Sb.;101/2000 Sb.;NA;GDPR
12195664;19) Zákon č. 20/1966 Sb., ve znění pozdějších předpisů. Občanský soudní řád.;109/2002 Sb.;99/1963 Sb.;292/2013 Sb.;zák. zvl. ř. s.
6498618;7e) Zákon č. 101/2000 Sb., o ochraně osobních údajů a o změně některých zákonů, ve znění pozdějších předpisů.;111/1994 Sb.;101/2000 Sb.;NA;GDPR
6498623;12) § 46a zákona č. 99/1963 Sb., občanský soudní řád, ve znění zákona č. 7/2009 Sb.;111/1994 Sb.;7/2009 Sb.;NA;OSŘ
6498623;12) § 46a zákona č. 99/1963 Sb., občanský soudní řád, ve znění zákona č. 7/2009 Sb.;111/1994 Sb.;99/1963 Sb.;99/1963 Sb.;OSŘ
56743678;14) Např. zákon č. 248/1995 Sb., zákon č. 513/1991 Sb., ve znění pozdějších předpisů.;111/1998 Sb.;513/1991 Sb.;304/2013 Sb.;zák. o ver. řejst.
56432440;22) § 321 a 322 občanského soudního řádu.;111/2006 Sb.;99/1963 Sb.;99/1963 Sb.;OSŘ
56432454;36) Zákon č. 101/2000 Sb., o ochraně osobních údajů a o změně některých zákonů, ve znění pozdějších předpisů.;111/2006 Sb.;101/2000 Sb.;NA;GDPR
56432458;40) Například § 128 občanského soudního řádu, § 8 trestního řádu.;111/2006 Sb.;99/1963 Sb.;99/1963 Sb.;OSŘ
55733748;17) Zákon č. 101/2000 Sb., o ochraně osobních údajů a o změně některých zákonů, ve znění pozdějších předpisů.;111/2009 Sb.;101/2000 Sb.;NA;GDPR
55733770;49) § 29 zákona č. 101/2000 Sb.;111/2009 Sb.;101/2000 Sb.;110/2019 Sb.;zák. o zpr. os. ú.
55733773;52) Například § 46b písm. a) občanského soudního řádu.;111/2009 Sb.;99/1963 Sb.;99/1963 Sb.;OSŘ
6836555;7a) Zákon č. 101/2000 Sb., o ochraně osobních údajů a o změně některých zákonů, ve znění pozdějších předpisů.;114/1995 Sb.;101/2000 Sb.;NA;GDPR
56386764;7) Zákon č. 36/1967 Sb., znalcích a tlumočnících.;115/2000 Sb.;36/1967 Sb.;254/2019 Sb.;zák. o zn.
16244174;7) Zákon č. 36/1967 Sb., o znalcích a tlumočnících. Zákon č. 155/1998 Sb., o znakové řeči a o změně dalších zákonů.;115/2006 Sb.;36/1967 Sb.;354/2019 Sb.;zák. o tlum.
56101298;20) Například § 128 občanského soudního řádu, ve znění zákona č. 519/1991 Sb., a § 8 trestního řádu, ve znění zákona č. 178/1990 Sb., zákona č. 558/1991 Sb. a zákona č. 292/1993 Sb.;117/1995 Sb.;178/1990 Sb.;NA;OSŘ
56101298;20) Například § 128 občanského soudního řádu, ve znění zákona č. 519/1991 Sb., a § 8 trestního řádu, ve znění zákona č. 178/1990 Sb., zákona č. 558/1991 Sb. a zákona č. 292/1993 Sb.;117/1995 Sb.;292/1993 Sb.;NA;OSŘ
56101298;20) Například § 128 občanského soudního řádu, ve znění zákona č. 519/1991 Sb., a § 8 trestního řádu, ve znění zákona č. 178/1990 Sb., zákona č. 558/1991 Sb. a zákona č. 292/1993 Sb.;117/1995 Sb.;519/1991 Sb.;NA;OSŘ
56101298;20) Například § 128 občanského soudního řádu, ve znění zákona č. 519/1991 Sb., a § 8 trestního řádu, ve znění zákona č. 178/1990 Sb., zákona č. 558/1991 Sb. a zákona č. 292/1993 Sb.;117/1995 Sb.;558/1991 Sb.;NA;OSŘ
56101298;20) Například § 128 občanského soudního řádu, ve znění zákona č. 519/1991 Sb., a § 8 trestního řádu, ve znění zákona č. 178/1990 Sb., zákona č. 558/1991 Sb. a zákona č. 292/1993 Sb.;117/1995 Sb.;99/1963 Sb.;99/1963 Sb.;OSŘ
56101300;21b) Například § 251 a násl. občanského soudního řádu, § 78 správního řádu, § 73 zákona č. 337/1992 Sb., o správě daní a poplatků, ve znění pozdějších předpisů.;117/1995 Sb.;99/1963 Sb.;99/1963 Sb.;OSŘ
56101301;21c) § 299 občanského soudního řádu.;117/1995 Sb.;99/1963 Sb.;99/1963 Sb.;OSŘ
56101336;48d) § 9 odst. 2 písm. k) občanského soudního řádu.;117/1995 Sb.;99/1963 Sb.;99/1963 Sb.;OSŘ
56101340;48h) § 299 a 317 občanského soudního řádu.;117/1995 Sb.;99/1963 Sb.;99/1963 Sb.;OSŘ
56103392;5b) Zákon č. 101/2000 Sb., o ochraně osobních údajů a o změně některých zákonů, ve znění pozdějších předpisů.;118/2000 Sb.;101/2000 Sb.;NA;GDPR
56103397;18a) § 68 odst. 3 písm. f) obchodního zákoníku.;118/2000 Sb.;513/1991 Sb.;90/2012 Sb.;ZOK
56103394;9) Občanský soudní řád. Zákon č. 586/1992 Sb., o daních z příjmů, ve znění pozdějších předpisů. Zákon č. 589/1992 Sb., o pojistném na sociální zabezpečení a příspěvku na státní politiku zaměstnanosti, ve znění pozdějších předpisů. Zákon č. 592/1992 Sb., o pojistném na veřejné zdravotní pojištění, ve znění pozdějších předpisů. Zákon č. 48/1997 Sb., o veřejném zdravotním pojištění a o změně a doplnění některých souvisejících zákonů, ve znění pozdějších předpisů. Zákon č. 280/2009 Sb., daňový řád, ve znění pozdějších předpisů.;118/2000 Sb.;99/1963 Sb.;99/1963 Sb.;OSŘ
11224551;1) Zákon č. 99/1963 Sb., občanský soudní řád, ve znění pozdějších předpisů.;119/2001 Sb.;99/1963 Sb.;99/1963 Sb.;OSŘ
11224555;4) § 299 občanského soudního řádu.;119/2001 Sb.;99/1963 Sb.;99/1963 Sb.;OSŘ
11224556;5) § 333, 334 a 334a občanského soudního řádu.;119/2001 Sb.;99/1963 Sb.;99/1963 Sb.;OSŘ
11224557;6) § 338s občanského soudního řádu.;119/2001 Sb.;99/1963 Sb.;99/1963 Sb.;OSŘ
12243519;17a) Zákon č. 227/2000 Sb., o elektronickém podpisu a o změně některých dalších zákonů (zákon o elektronickém podpisu), ve znění pozdějších předpisů.;119/2002 Sb.;227/2000 Sb.;NA;eIDAS
12243524;21) § 2 odst. 2 obchodního zákoníku.;119/2002 Sb.;513/1991 Sb.;89/2012 Sb.;NOZ § 420-422
56478031;3a) § 265 odst. 2 a 3 občanského soudního řádu. § 46 a následující vyhlášky č. 37/1992 Sb., o jednacím řádu pro okresní a krajské soudy, ve znění pozdějších předpisů.;120/2001 Sb.;99/1963 Sb.;99/1963 Sb.;OSŘ
56478048;9) § 53 občanského soudního řádu.;120/2001 Sb.;99/1963 Sb.;99/1963 Sb.;OSŘ
56478062;20b) Zákon č. 36/1967 Sb., o znalcích a tlumočnících, ve znění zákona č. 322/2006 Sb.;120/2001 Sb.;322/2006 Sb.;NA;zák. o tlum.
56478062;20b) Zákon č. 36/1967 Sb., o znalcích a tlumočnících, ve znění zákona č. 322/2006 Sb.;120/2001 Sb.;36/1967 Sb.;354/2019 Sb.;zák. o tlum.
56478064;22) § 247 a následující občanského soudního řádu.;120/2001 Sb.;99/1963 Sb.;99/1963 Sb.;OSŘ
56478065;23) § 769 obchodního zákoníku.;120/2001 Sb.;513/1991 Sb.;89/2012 Sb.;NOZ
56478075;34) § 46b občanského soudního řádu.;120/2001 Sb.;99/1963 Sb.;99/1963 Sb.;OSŘ
56478078;37) § 49 odst. 2 věta druhá občanského soudního řádu.;120/2001 Sb.;99/1963 Sb.;99/1963 Sb.;OSŘ
56478079;38) § 49 odst. 4 věta třetí občanského soudního řádu.;120/2001 Sb.;99/1963 Sb.;99/1963 Sb.;OSŘ
56478080;39) § 46b občanského soudního řádu.;120/2001 Sb.;99/1963 Sb.;99/1963 Sb.;OSŘ
56478081;40) § 50 odst. 2 občanského soudního řádu.;120/2001 Sb.;99/1963 Sb.;99/1963 Sb.;OSŘ
17762964;2) § 10 zákona č. 7/2002 Sb., o řízení ve věcech soudců a státních zástupců.  Zákon č. 99/1963 Sb., občanský soudní řád, ve znění pozdějších předpisů.  Zákon č. 141/1961 Sb., o trestním řízení soudním (trestní řád), ve znění pozdějších předpisů.  Zákon č. 150/2002 Sb., soudní řád správní, ve znění pozdějších předpisů.;121/2008 Sb.;99/1963 Sb.;99/1963 Sb.;OSŘ
8299767;6) Zákon č. 256/1992 Sb., o ochraně osobních údajů v informačních systémech.;123/1998 Sb.;256/1992 Sb.;NA;GDPR
8299770;9) § 17 a násl. zákona č. 513/1991 Sb., obchodní zákoník, ve znění pozdějších předpisů.;123/1998 Sb.;513/1991 Sb.;89/2012 Sb.;NOZ § 504
17789804;5) § 59a obchodního zákoníku.;125/2008 Sb.;513/1991 Sb.;90/2012 Sb.;ZOK
55946647;16c) § 175f zákona č. 99/1963 Sb., občanský soudní řád, ve znění pozdějších předpisů.;127/2005 Sb.;99/1963 Sb.;292/2013 Sb.;zák. zvl. ř. s.
55946660;30) § 66a zákona č. 513/1991 Sb.;127/2005 Sb.;513/1991 Sb.;90/2012 Sb.;ZOK
55946681;58) Zákon č. 99/1963 Sb., občanský soudní řád, ve znění pozdějších předpisů.;127/2005 Sb.;99/1963 Sb.;99/1963 Sb.;OSŘ
56315350;8) Zákon č. 298/1992 Sb., o místním referendu, ve znění zákona č. 152/1994 Sb.;128/2000 Sb.;152/1994 Sb.;NA;míst. ref.
56315350;8) Zákon č. 298/1992 Sb., o místním referendu, ve znění zákona č. 152/1994 Sb.;128/2000 Sb.;298/1992 Sb.;22/2004 Sb.;míst. ref.
56315352;10) § 11 zákona č. 298/1992 Sb.;128/2000 Sb.;298/1992 Sb.;22/2004 Sb.;míst. ref.
56315358;15) Například občanský zákoník, obchodní zákoník.;128/2000 Sb.;513/1991 Sb.;89/2012 Sb.;NOZ
56315385;38) Část pátá hlava druhá zákona č. 99/1963 Sb., občanský soudní řád, ve znění pozdějších předpisů.;128/2000 Sb.;99/1963 Sb.;99/1963 Sb.;OSŘ
56315347;4) Například zákon č. 412/2005 Sb., o ochraně utajovaných informací a o bezpečnostní způsobilosti, zákon č. 101/2000 Sb., o ochraně osobních údajů a o změně některých zákonů, ve znění pozdějších předpisů, zákon č. 89/1995 Sb., o státní statistické službě, ve znění pozdějších předpisů.;128/2000 Sb.;101/2000 Sb.;NA;GDPR
56315370;29) Například § 110 a 163 obchodního zákoníku, § 4 zákona č. 248/1995 Sb., o obecně prospěšných společnostech a o změně a doplnění některých zákonů, § 3 zákona č. 227/1997 Sb., o nadacích a nadačních fondech a o změně a doplnění některých souvisejících zákonů (zákon o nadacích a nadačních fondech).;128/2000 Sb.;513/1991 Sb.;90/2012 Sb.;ZOK § 146
56316596;7) Například zákon č. 148/1998 Sb., o ochraně utajovaných skutečností a o změně některých zákonů, ve znění pozdějších předpisů, zákon č. 101/2000 Sb., o ochraně osobních údajů a o změně některých zákonů, ve znění pozdějších předpisů a zákon č. 89/1995 Sb., o státní statistické službě, ve znění pozdějších předpisů.;129/2000 Sb.;101/2000 Sb.;NA;GDPR
56790363;6) Zákon č. 101/2000 Sb., o ochraně osobních údajů a o změně některých zákonů, ve znění pozdějších předpisů.;129/2008 Sb.;101/2000 Sb.;NA;GDPR
56536762;18b) § 5 odst. 1 písm. c) zákona č. 101/2000 Sb., ve znění zákona č. 439/2004 Sb.;13/1997 Sb.;101/2000 Sb.;NA;GDPR
56536762;18b) § 5 odst. 1 písm. c) zákona č. 101/2000 Sb., ve znění zákona č. 439/2004 Sb.;13/1997 Sb.;439/2004 Sb.;NA;GDPR
56536779;36) Zákon č. 101/2000 Sb., o ochraně osobních údajů a o změně některých zákonů, ve znění pozdějších předpisů.;13/1997 Sb.;101/2000 Sb.;NA;GDPR
9979468;16) § 200v odst. 1 písm. a) a b) zákona č. 99/1963 Sb., občanský soudní řád, ve znění zákona č. 130/2000 Sb.;130/2000 Sb.;99/1963 Sb.;292/2013 Sb.;zák. zvl. ř. s.
9979474;21) § 200w zákona č. 99/1963 Sb., ve znění zákona č. 130/2000 Sb.;130/2000 Sb.;99/1963 Sb.;150/2002 Sb.;SŘS
9979475;22) § 200v zákona č. 99/1963 Sb., ve znění zákona č. 130/2000 Sb.;130/2000 Sb.;99/1963 Sb.;292/2013 Sb.;zák. zvl. ř. s.
9979476;23) § 200w zákona č. 99/1963 Sb., ve znění zákona č. 130/2000 Sb.;130/2000 Sb.;99/1963 Sb.;150/2002 Sb.;SŘS
12274634;1) Například obchodní zákoník, zákon č. 77/1997 Sb., o státním podniku, ve znění pozdějších předpisů.;130/2002 Sb.;513/1991 Sb.;89/2012 Sb.;NOZ
12274644;10) Zákon č. 148/1998 Sb., o ochraně utajovaných skutečností a o změně některých zákonů, ve znění pozdějších předpisů. Obchodní zákoník.;130/2002 Sb.;513/1991 Sb.;89/2012 Sb.;NOZ
12274655;21) Zákon č. 148/1998 Sb., ve znění pozdějších předpisů. Zákon č. 101/2000 Sb., o ochraně osobních údajů a o změně některých zákonů, ve znění pozdějších předpisů. Obchodní zákoník.;130/2002 Sb.;101/2000 Sb.;NA;GDPR
12274655;21) Zákon č. 148/1998 Sb., ve znění pozdějších předpisů. Zákon č. 101/2000 Sb., o ochraně osobních údajů a o změně některých zákonů, ve znění pozdějších předpisů. Obchodní zákoník.;130/2002 Sb.;513/1991 Sb.;89/2012 Sb.;NOZ
12274656;22) Zákon č. 148/1998 Sb., ve znění pozdějších předpisů. Zákon č. 101/2000 Sb., ve znění pozdějších předpisů. Zákon č. 106/1999 Sb., ve znění pozdějších předpisů. Zákon č. 121/2000 Sb. Obchodní zákoník.;130/2002 Sb.;101/2000 Sb.;NA;GDPR
12274656;22) Zákon č. 148/1998 Sb., ve znění pozdějších předpisů. Zákon č. 101/2000 Sb., ve znění pozdějších předpisů. Zákon č. 106/1999 Sb., ve znění pozdějších předpisů. Zákon č. 121/2000 Sb. Obchodní zákoník.;130/2002 Sb.;513/1991 Sb.;89/2012 Sb.;NOZ
56318733;2) Například zákon č. 101/2000 Sb., o ochraně osobních údajů a o změně některých zákonů.;131/2000 Sb.;101/2000 Sb.;NA;GDPR
56318735;4) Zákon č. 298/1992 Sb., o místním referendu, ve znění zákona č. 152/1994 Sb.;131/2000 Sb.;152/1994 Sb.;NA;míst. ref.
56318735;4) Zákon č. 298/1992 Sb., o místním referendu, ve znění zákona č. 152/1994 Sb.;131/2000 Sb.;298/1992 Sb.;22/2004 Sb.;míst. ref.
56318740;11) Například zákon č. 40/1964 Sb., zákon č. 513/1991 Sb.;131/2000 Sb.;513/1991 Sb.;89/2012 Sb.;NOZ
56318749;22) § 250l zákona č. 99/1963 Sb., občanský soudní řád, ve znění pozdějších předpisů.;131/2000 Sb.;99/1963 Sb.;99/1963 Sb.;OSŘ
19167265;9) § 66a zákona č. 513/1991 Sb., obchodní zákoník, ve znění pozdějších předpisů.;132/2010 Sb.;513/1991 Sb.;90/2012 Sb.;ZOK
56247347;5) Zákon č. 101/2000 Sb., o ochraně osobních údajů a o změně některých zákonů, ve znění pozdějších předpisů. Zákon č. 365/2000 Sb., o informačních systémech veřejné správy a o změně některých dalších zákonů, ve znění zákona č. 517/2002 Sb.;133/2000 Sb.;101/2000 Sb.;NA;GDPR
56247347;5) Zákon č. 101/2000 Sb., o ochraně osobních údajů a o změně některých zákonů, ve znění pozdějších předpisů. Zákon č. 365/2000 Sb., o informačních systémech veřejné správy a o změně některých dalších zákonů, ve znění zákona č. 517/2002 Sb.;133/2000 Sb.;517/2002 Sb.;NA;GDPR
56247360;5p) § 4 písm. e) zákona č. 101/2000 Sb.;133/2000 Sb.;101/2000 Sb.;NA;GDPR
56247365;9e) § 38 zákona č. 99/1963 Sb., občanský soudní řád, ve znění pozdějších předpisů.;133/2000 Sb.;99/1963 Sb.;292/2013 Sb.;zák. zvl. ř. s.
56247373;14c) § 4 písm. h) zákona č. 101/2000 Sb.;133/2000 Sb.;101/2000 Sb.;NA;GDPR
56247377;14h) § 29 odst. 1 písm. f) zákona č. 101/2000 Sb., ve znění zákona č. 517/2002 Sb.;133/2000 Sb.;101/2000 Sb.;110/2019 Sb.;zák. o zpr. os. ú.
56247377;14h) § 29 odst. 1 písm. f) zákona č. 101/2000 Sb., ve znění zákona č. 517/2002 Sb.;133/2000 Sb.;517/2002 Sb.;NA;zák. o zpr. os. ú.
56247390;22) § 4 písm. h) zákona č. 101/2000 Sb.;133/2000 Sb.;101/2000 Sb.;NA;GDPR
56234205;19) Zákon č. 36/1967 Sb., o znalcích a tlumočnících, ve znění pozdějších předpisů. Vyhláška č. 37/1967 Sb., k provedení zákona o znalcích a tlumočnících, ve znění pozdějších předpisů.;134/2016 Sb.;36/1967 Sb.;354/2019 Sb.;zák. o tlum.
11300270;9) § 2 odst. 1 zákona č. 513/1991 Sb., obchodní zákoník.;137/2001 Sb.;513/1991 Sb.;89/2012 Sb.;NOZ § 420-422
11300265;4) § 5 odst. 1 písm. c) zákona č. 101/2000 Sb., o ochraně osobních údajů a o změně některých zákonů, ve znění pozdějších předpisů.;137/2001 Sb.;101/2000 Sb.;NA;GDPR
12283143;10) § 175a odst. 3 a § 175q zákona č. 99/1963 Sb., občanský soudní řád, ve znění pozdějších předpisů.;139/2002 Sb.;99/1963 Sb.;292/2013 Sb.;zák. zvl. ř. s.
12283161;31) § 247 a násl. zákona č. 99/1963 Sb., ve znění pozdějších předpisů.;139/2002 Sb.;99/1963 Sb.;99/1963 Sb.;OSŘ
12283165;38) § 185f zákona č. 99/1963 Sb., ve znění pozdějších předpisů.;139/2002 Sb.;99/1963 Sb.;292/2013 Sb.;zák. zvl. ř. s.
13134766;6) § 17 zákona č. 513/1991 Sb., obchodní zákoník, ve znění pozdějších předpisů.;148/2003 Sb.;513/1991 Sb.;89/2012 Sb.;NOZ § 504
13134767;7) § 21 odst. 2 zákona č. 513/1991 Sb., ve znění pozdějších předpisů.;148/2003 Sb.;513/1991 Sb.;89/2012 Sb.;NOZ § 3024
13134771;13) Zákon č. 101/2000 Sb., o ochraně osobních údajů a o změně některých zákonů, ve znění pozdějších předpisů.;148/2003 Sb.;101/2000 Sb.;NA;GDPR
8199916;26) § 27 zákona č. 101/2002 Sb., o ochraně osobních údajů, ve znění zákona č. 439/2004 Sb.;15/1998 Sb.;101/2002 Sb.;NA;GDPR
8199916;26) § 27 zákona č. 101/2002 Sb., o ochraně osobních údajů, ve znění zákona č. 439/2004 Sb.;15/1998 Sb.;439/2004 Sb.;NA;GDPR
55994034;12) Část třetí a část pátá občanského soudního řádu.;150/2002 Sb.;99/1963 Sb.;99/1963 Sb.;OSŘ
55994035;13) § 104b občanského soudního řádu.;150/2002 Sb.;99/1963 Sb.;99/1963 Sb.;OSŘ
55994042;18) Část pátá občanského soudního řádu.;150/2002 Sb.;99/1963 Sb.;99/1963 Sb.;OSŘ
7918864;17) Např. zákon č. 159/1973 Sb., o ochraně označení původu výrobků, zákon č. 137/1995 Sb., o ochranných známkách, práva vyplývající z obchodního jména podle § 8 a následujících obchodního zákoníku.;151/1997 Sb.;513/1991 Sb.;89/2012 Sb.;NOZ § 423-428
6526450;4a) Zákon č. 101/2000 Sb., o ochraně osobních údajů a o změně některých zákonů, ve znění pozdějších předpisů.;154/1994 Sb.;101/2000 Sb.;110/2019 Sb.;zák. o zpr. os. ú.
10107348;6g) § 17 zákona č. 513/1991 Sb., obchodní zákoník, ve znění pozdějších předpisů.;154/2000 Sb.;513/1991 Sb.;89/2012 Sb.;NOZ § 504
10107350;6h) § 21 zákona č. 513/1991 Sb., ve znění pozdějších předpisů.;154/2000 Sb.;513/1991 Sb.;89/2012 Sb.;NOZ § 3024
10107364;12) Zákon č. 101/2000 Sb., o ochraně osobních údajů a o změně některých zákonů, ve znění pozdějších předpisů.;154/2000 Sb.;101/2000 Sb.;NA;GDPR
56770688;24) § 276 a násl. občanského soudního řádu.;155/1995 Sb.;99/1963 Sb.;99/1963 Sb.;OSŘ
8738356;3) § 46 zákona č. 513/1991 Sb., obchodní zákoník, ve znění pozdějších předpisů. § 8 zákona č. 634/1992 Sb.;156/1998 Sb.;513/1991 Sb.;89/2012 Sb.;NOZ
10123126;8) Zákon č. 36/1967 Sb., o znalcích a tlumočnících.;158/2000 Sb.;36/1967 Sb.;354/2019 Sb.;zák. o tlum.
13152805;2) Například obchodní zákoník, živnostenský zákon.;162/2003 Sb.;513/1991 Sb.;89/2012 Sb.;NOZ
13152808;4) § 9 odst. 1 obchodního zákoníku.;162/2003 Sb.;513/1991 Sb.;89/2012 Sb.;NOZ
13948277;2) § 5 obchodního zákoníku, ve znění pozdějších předpisů.;166/2004 Sb.;513/1991 Sb.;89/2012 Sb.;NOZ
17811274;16) Zákon č. 182/2006 Sb., ve znění pozdějších předpisů.  Obchodní zákoník.;167/2008 Sb.;513/1991 Sb.;89/2012 Sb.;NOZ
56794026;25) § 5 odst. 2 písm. a) zákona č. 101/2000 Sb., o ochraně osobních údajů a o změně některých zákonů, ve znění pozdějších předpisů.;168/1999 Sb.;101/2000 Sb.;NA;GDPR
56775437;15) § 258 zákona č. 99/1963 Sb., občanský soudní řád, ve znění pozdějších předpisů.;169/1999 Sb.;99/1963 Sb.;99/1963 Sb.;OSŘ
56775442;20) § 250 a násl. zákona č. 99/1963 Sb., ve znění pozdějších předpisů.;169/1999 Sb.;99/1963 Sb.;99/1963 Sb.;OSŘ
4202515;8) § 70 hospodářského zákoníku. § 10 vyhlášky federálního ministerstva financí č. 119/1988 Sb., o hospodaření s národním majetkem, ve znění pozdějších předpisů.;172/1991 Sb.;109/1964 Sb.;219/2000 Sb.;zák. o maj. čr
13765347;2j) § 38l obchodního zákoníku. § 244 a násl. zákona č. 182/2006 Sb., o úpadku a způsobech jeho řešení (insolvenční zákon), ve znění pozdějších předpisů.;18/2004 Sb.;513/1991 Sb.;89/2012 Sb.;NOZ
13765356;7) Zákon č. 36/1967 Sb., o znalcích a tlumočnících, ve znění pozdějších předpisů. Vyhláška č. 37/1967 Sb., k provedení zákona o znalcích a tlumočnících, ve znění pozdějších předpisů.;18/2004 Sb.;36/1967 Sb.;354/2019 Sb.;zák. o tlum.
13765369;16) Zákon č. 101/2000 Sb., o ochraně osobních údajů a o změně některých zákonů, ve znění pozdějších předpisů.;18/2004 Sb.;101/2000 Sb.;NA;GDPR
56786941;4) Občanský soudní řád.;182/2006 Sb.;99/1963 Sb.;99/1963 Sb.;OSŘ
56786942;7) § 92 odst. 1 občanského soudního řádu.;182/2006 Sb.;99/1963 Sb.;99/1963 Sb.;OSŘ
56786943;8) § 92 odst. 2 občanského soudního řádu.;182/2006 Sb.;99/1963 Sb.;99/1963 Sb.;OSŘ
56786944;9) § 134 občanského soudního řádu.;182/2006 Sb.;99/1963 Sb.;99/1963 Sb.;OSŘ
56786951;16) Například § 38i odst. 1 písm. h) obchodního zákoníku, ve znění pozdějších předpisů.;182/2006 Sb.;513/1991 Sb.;89/2012 Sb.;NOZ § 119
56786953;17) § 53 občanského soudního řádu.;182/2006 Sb.;99/1963 Sb.;99/1963 Sb.;OSŘ
56786955;19) § 76 odst. 1 písm. d) občanského soudního řádu.;182/2006 Sb.;99/1963 Sb.;99/1963 Sb.;OSŘ
56786956;20) § 42 odst. 4 občanského soudního řádu.;182/2006 Sb.;99/1963 Sb.;99/1963 Sb.;OSŘ
56786957;21) § 66a obchodního zákoníku.;182/2006 Sb.;513/1991 Sb.;90/2012 Sb.;ZOK § 318-321
56786960;24) § 79 odst. 1 občanského soudního řádu.;182/2006 Sb.;99/1963 Sb.;99/1963 Sb.;OSŘ
56786961;25) § 43 občanského soudního řádu.;182/2006 Sb.;99/1963 Sb.;99/1963 Sb.;OSŘ
56786963;27) Například § 76 odst. 1 obchodního zákoníku.;182/2006 Sb.;513/1991 Sb.;90/2012 Sb.;ZOK § 95
56786964;28) Například § 321, § 322 odst. 1 a 2 občanského soudního řádu.;182/2006 Sb.;99/1963 Sb.;99/1963 Sb.;OSŘ
56786965;29) § 279 odst. 2 občanského soudního řádu.;182/2006 Sb.;99/1963 Sb.;99/1963 Sb.;OSŘ
56786968;32) § 5 obchodního zákoníku.;182/2006 Sb.;513/1991 Sb.;89/2012 Sb.;NOZ § 502
56786970;34) § 58 obchodního zákoníku.;182/2006 Sb.;513/1991 Sb.;90/2012 Sb.;ZOK § 30
56786973;37) § 91 odst. 2 občanského soudního řádu.;182/2006 Sb.;99/1963 Sb.;99/1963 Sb.;OSŘ
56786974;38) § 93 občanského soudního řádu.;182/2006 Sb.;99/1963 Sb.;99/1963 Sb.;OSŘ
56576538;10) § 185a až 185h občanského soudního řádu.;184/2006 Sb.;99/1963 Sb.;292/2013 Sb.;zák. zvl. ř. s.
56576543;15) § 244 až 250t občanského soudního řádu.;184/2006 Sb.;99/1963 Sb.;99/1963 Sb.;OSŘ
56576545;18) Zákon č. 99/1963 Sb., občanský soudní řád, ve znění pozdějších předpisů.;184/2006 Sb.;99/1963 Sb.;99/1963 Sb.;OSŘ
56576546;19) § 185f občanského soudního řádu.;184/2006 Sb.;99/1963 Sb.;292/2013 Sb.;zák. zvl. ř. s.
19515712;6) § 200v zákona č. 99/1963 Sb., občanský soudní řád, ve znění pozdějších předpisů.;186/2011 Sb.;99/1963 Sb.;292/2013 Sb.;zák. zvl. ř. s.
20702231;15) Zákon č. 101/2000 Sb., o ochraně osobních údajů a o změně některých zákonů, ve znění pozdějších předpisů.;186/2013 Sb.;101/2000 Sb.;110/2019 Sb.;zák. o zpr. os. ú.
20702233;17) Zákon č. 36/1967 Sb., o znalcích a tlumočnících, ve znění pozdějších předpisů.;186/2013 Sb.;36/1967 Sb.;354/2019 Sb.;zák. o tlum.
56192723;48) Například § 68 odst. 3 písm. a) až c) a e) až g) obchodního zákoníku, § 7 odst. 2 písm. a), b) a d) zákona č. 227/1997 Sb., o nadacích a nadačních fondech a o změně a doplnění některých souvisejících zákonů (zákon o nadacích a nadačních fondech), ve znění pozdějších předpisů, § 8 odst. 1 písm. a) až d) a f) zákona č. 248/1995 Sb., o obecně prospěšných společnostech a o změně a doplnění některých zákonů, ve znění pozdějších předpisů.;187/2006 Sb.;513/1991 Sb.;90/2012 Sb.;ZOK 93, 94
56192747;73) § 278 občanského soudního řádu.;187/2006 Sb.;99/1963 Sb.;99/1963 Sb.;OSŘ
56192748;74) § 293 odst. 4 a 5 občanského soudního řádu.;187/2006 Sb.;99/1963 Sb.;99/1963 Sb.;OSŘ
56192760;86) § 278 občanského soudního řádu.;187/2006 Sb.;99/1963 Sb.;99/1963 Sb.;OSŘ
56192761;87) § 293 odst. 4 a 5 občanského soudního řádu.;187/2006 Sb.;99/1963 Sb.;99/1963 Sb.;OSŘ
6159316;18) § 134 zákona č. 99/1963 Sb., občanský soudní řád, ve znění pozdějších předpisů (úplné znění č. 501/1992 Sb.). § 176 zákona č. 140/1961 Sb., trestní zákon, ve znění pozdějších předpisů.;19/1993 Sb.;501/1992 Sb.;NA;OSŘ
6159316;18) § 134 zákona č. 99/1963 Sb., občanský soudní řád, ve znění pozdějších předpisů (úplné znění č. 501/1992 Sb.). § 176 zákona č. 140/1961 Sb., trestní zákon, ve znění pozdějších předpisů.;19/1993 Sb.;99/1963 Sb.;99/1963 Sb.;OSŘ
4170484;5) § 274 písm. h) občanského soudního řádu.;2/1991 Sb.;99/1963 Sb.;292/2013 Sb.;zák. zvl. ř. s.
4170490;11) § 145 a násl. hospodářského zákoníku.;2/1991 Sb.;109/1964 Sb.;89/2012 Sb.;NOZ
3427141;26) § 64 hospodářského zákoníku.;20/1987 Sb.;109/1964 Sb.;219/2000 Sb.;zák. o maj. čr
3427142;27) § 70 hospodářského zákoníku.;20/1987 Sb.;109/1964 Sb.;219/2000 Sb.;zák. o maj. čr
3427124;11e) Zákon č. 256/1992 Sb., o ochraně osobních údajů v informačních systémech.;20/1987 Sb.;256/1992 Sb.;NA;GDPR
6553777;6) Např. zákon č. 256/1992 Sb., o ochraně osobních údajů v informačních systémech, zákon č. 35/1965 Sb., o dílech literárních, vědeckých a uměleckých (autorský zákon), ve znění pozdějších předpisů.;200/1994 Sb.;256/1992 Sb.;NA;GDPR
12431349;1) Například občanský soudní řád, trestní řád, zákon č. 216/1994 Sb., o rozhodčím řízení a o výkonu rozhodčích nálezů, správní řád.;201/2002 Sb.;71/1967 Sb.;99/1963 Sb.;OSŘ
12431349;1) Například občanský soudní řád, trestní řád, zákon č. 216/1994 Sb., o rozhodčím řízení a o výkonu rozhodčích nálezů, správní řád.;201/2002 Sb.;99/1963 Sb.;99/1963 Sb.;OSŘ
12431354;6) § 19 a 20 občanského soudního řádu.;201/2002 Sb.;99/1963 Sb.;99/1963 Sb.;OSŘ
12431356;8) § 93 občanského soudního řádu, ve znění zákona č. 30/2000 Sb.;201/2002 Sb.;30/2000 Sb.;NA;OSŘ
12431356;8) § 93 občanského soudního řádu, ve znění zákona č. 30/2000 Sb.;201/2002 Sb.;99/1963 Sb.;99/1963 Sb.;OSŘ
20299783;4) § 7 odst. 3 zákona č. 513/1991 Sb., obchodní zákoník.;201/2012 Sb.;513/1991 Sb.;89/2012 Sb.;NOZ
10158423;2) § 9 odst. 2 písm. c) zákona č. 99/1963 Sb., občanský soudní řád, ve znění pozdějších předpisů.;207/2000 Sb.;99/1963 Sb.;99/1963 Sb.;OSŘ
56292284;5b) § 66b obchodního zákoníku.;21/1992 Sb.;513/1991 Sb.;90/2012 Sb.;ZOK § 78
56292289;8) Občanský soudní řád č. 99/1963 Sb., ve znění pozdějších předpisů.;21/1992 Sb.;99/1963 Sb.;99/1963 Sb.;OSŘ
56255975;6) Zákon č. 36/1967 Sb., o znalcích a tlumočnících.;21/2006 Sb.;36/1967 Sb.;354/2019 Sb.;zák. o tlum.
18546665;7) § 134 občanského soudního řádu.;212/2009 Sb.;99/1963 Sb.;99/1963 Sb.;OSŘ
14055617;6) § 2 odst. 2 obchodního zákoníku, ve znění zákona č. 85/2004 Sb.;215/2004 Sb.;513/1991 Sb.;89/2012 Sb.;NOZ § 420-422
14055617;6) § 2 odst. 2 obchodního zákoníku, ve znění zákona č. 85/2004 Sb.;215/2004 Sb.;85/2004 Sb.;NA;NOZ § 420-422
6561379;1) § 99 občanského soudního řádu.;216/1994 Sb.;99/1963 Sb.;99/1963 Sb.;OSŘ
6561382;4) § 228 odst. 1 písm. a) a b) občanského soudního řádu.;216/1994 Sb.;99/1963 Sb.;99/1963 Sb.;OSŘ
6561383;5) § 268 občanského soudního řádu.;216/1994 Sb.;99/1963 Sb.;99/1963 Sb.;OSŘ
6561659;4) § 250l a násl. občanského soudního řádu.;217/1994 Sb.;99/1963 Sb.;99/1963 Sb.;OSŘ
55983910;7) § 2 odst. 1 zákona č. 513/1991 Sb., obchodní zákoník.;218/2000 Sb.;513/1991 Sb.;89/2012 Sb.;NOZ § 420-422
55983925;17) § 22 odst. 1 zákona č. 256/1992 Sb., o ochraně osobních údajů v informačních systémech.;218/2000 Sb.;256/1992 Sb.;110/2019 Sb.;zák. o zpr. os. ú.
55983907;4d) § 2 odst. 2 obchodního zákoníku.;218/2000 Sb.;513/1991 Sb.;89/2012 Sb.;NOZ § 420-422
13194248;1) Trestní zákoník. Trestní řád. Občanský soudní řád. Zákon č. 94/1963 Sb., o rodině, ve znění pozdějších předpisů. Zákon č. 359/1999 Sb., o sociálně-právní ochraně dětí, ve znění pozdějších předpisů.;218/2003 Sb.;99/1963 Sb.;99/1963 Sb.;OSŘ
9072789;21) Zákon č. 256/1992 Sb., o ochraně osobních údajů v informačních systémech.;219/1999 Sb.;256/1992 Sb.;110/2019 Sb.;zák. o zpr. os. ú.
55984900;22) Například § 175u odst. 2 občanského soudního řádu, § 15 odst. 7 zákona č. 337/1992 Sb., ve znění zákona č. 255/1994 Sb.;219/2000 Sb.;255/1994 Sb.;NA;zák. zvl. ř. s.
55984900;22) Například § 175u odst. 2 občanského soudního řádu, § 15 odst. 7 zákona č. 337/1992 Sb., ve znění zákona č. 255/1994 Sb.;219/2000 Sb.;99/1963 Sb.;292/2013 Sb.;zák. zvl. ř. s.
55984901;24) § 175q odst. 1 písm. b) občanského soudního řádu, ve znění pozdějších předpisů.;219/2000 Sb.;99/1963 Sb.;292/2013 Sb.;zák. zvl. ř. s.
55984933;71) § 64 odst. 2 hospodářského zákoníku.;219/2000 Sb.;109/1964 Sb.;NA;kruhový odkaz
55984934;72) § 64 odst. 3 hospodářského zákoníku.;219/2000 Sb.;109/1964 Sb.;NA;kruhový odkaz
55984935;73) § 65 odst. 3 hospodářského zákoníku.;219/2000 Sb.;109/1964 Sb.;NA;kruhový odkaz
55984936;74) § 761 odst. 1 obchodního zákoníku.;219/2000 Sb.;513/1991 Sb.;219/2000 Sb.;zák. o maj. čr
55984942;81) § 761 odst. 2 obchodního zákoníku.;219/2000 Sb.;513/1991 Sb.;219/2000 Sb.;zák. o maj. čr
55984898;17a) Například zákon č. 26/2000 Sb., o veřejných dražbách, ve znění pozdějších předpisů, zákon č. 99/1963 Sb., občanský soudní řád, ve znění pozdějších předpisů.;219/2000 Sb.;99/1963 Sb.;99/1963 Sb.;OSŘ
55984957;96) § 19 zákona č. 99/1963 Sb., občanský soudní řád, ve znění pozdějších předpisů.;219/2000 Sb.;99/1963 Sb.;99/1963 Sb.;OSŘ
13218162;12) Zákon č. 101/2000 Sb., o ochraně osobních údajů, ve znění pozdějších předpisů.;219/2003 Sb.;101/2000 Sb.;NA;GDPR
7491058;8) Například § 17 a násl. obchodního zákoníku.;22/1997 Sb.;513/1991 Sb.;89/2012 Sb.;NOZ § 504
4221657;1) § 244 a násl. občanského soudního řádu.;220/1991 Sb.;99/1963 Sb.;99/1963 Sb.;OSŘ
4221666;1i) Zákon č. 101/2000 Sb., o ochraně osobních údajů a o změně některých zákonů, ve znění pozdějších předpisů.;220/1991 Sb.;101/2000 Sb.;NA;GDPR
56778409;1) § 4 písm. a) zákona č. 101/2000 Sb., o ochraně osobních údajů a o změně některých zákonů.;221/1999 Sb.;101/2000 Sb.;NA;GDPR
56778412;1c) Zákon č. 101/2000 Sb., ve znění pozdějších předpisů.;221/1999 Sb.;101/2000 Sb.;NA;GDPR
13224315;11) Zákon č. 36/1967 Sb., o znalcích a tlumočnících. Vyhláška č. 37/1967 Sb., k provedení zákona o znalcích a tlumočnících, ve znění pozdějších předpisů.;221/2003 Sb.;36/1967 Sb.;354/2019 Sb.;zák. o tlum.
13224320;15) Zákon č. 101/2000 Sb., o ochraně osobních údajů a o změně některých zákonů, ve znění pozdějších předpisů.;221/2003 Sb.;101/2000 Sb.;110/2019 Sb.;zák. o zpr. os. ú.
16665332;4) Například zákon č. 101/2000 Sb., o ochraně osobních údajů a o změně některých zákonů, ve znění pozdějších předpisů.;221/2006 Sb.;101/2000 Sb.;NA;GDPR
16684225;7) Zákon č. 101/2000 Sb., o ochraně osobních údajů a o změně některých zákonů, ve znění pozdějších předpisů.;227/2006 Sb.;101/2000 Sb.;NA;GDPR
4231097;22) § 70 hospodářského zákoníku.;229/1991 Sb.;109/1964 Sb.;219/2000 Sb.;zák. o maj. čr
4231098;23) § 64 hospodářského zákoníku.;229/1991 Sb.;109/1964 Sb.;219/2000 Sb.;zák. o maj. čr
4231101;25) § 247 a násl. zákona č. 99/1963 Sb.;229/1991 Sb.;99/1963 Sb.;99/1963 Sb.;OSŘ
5232791;6) § 9 odst. 3 zákona č. 99/1963 Sb., občanský soudní řád (úplné znění č. 70/1992 Sb.).;229/1992 Sb.;70/1992 Sb.;NA;OSŘ
5232791;6) § 9 odst. 3 zákona č. 99/1963 Sb., občanský soudní řád (úplné znění č. 70/1992 Sb.).;229/1992 Sb.;99/1963 Sb.;99/1963 Sb.;OSŘ
5232792;7) § 17 obchodního zákoníku.;229/1992 Sb.;513/1991 Sb.;89/2012 Sb.;NOZ § 504
11498347;4a) § 2 odst. 3 obchodního zákoníku.;231/2001 Sb.;513/1991 Sb.;89/2012 Sb.;NOZ § 420-422
11498350;4d) Obchodní zákoník.;231/2001 Sb.;513/1991 Sb.;89/2012 Sb.;NOZ
11498351;4e) § 21 odst. 1, 2, 4 a 5, § 22 a následující obchodního zákoníku.;231/2001 Sb.;513/1991 Sb.;89/2012 Sb.;NOZ § 3024
11498353;5) Například zákon č. 101/2000 Sb., o ochraně osobních údajů a o změně některých zákonů, ve znění pozdějších předpisů, zákon č. 513/1991 Sb., obchodní zákoník, ve znění pozdějších předpisů.;231/2001 Sb.;101/2000 Sb.;NA;GDPR
11498353;5) Například zákon č. 101/2000 Sb., o ochraně osobních údajů a o změně některých zákonů, ve znění pozdějších předpisů, zákon č. 513/1991 Sb., obchodní zákoník, ve znění pozdějších předpisů.;231/2001 Sb.;513/1991 Sb.;89/2012 Sb.;NOZ
11498359;9b) § 21 odst. 4 a 5 obchodního zákoníku.;231/2001 Sb.;513/1991 Sb.;89/2012 Sb.;NOZ § 3024
11498367;11a) § 66a obchodního zákoníku.;231/2001 Sb.;513/1991 Sb.;90/2012 Sb.;ZOK § 318-321
56652896;5) § 476 obchodního zákoníku.;235/2004 Sb.;513/1991 Sb.;89/2012 Sb.;NOZ
56652928;66) § 2 odst. 2 písm. c) a d) obchodního zákoníku.;235/2004 Sb.;513/1991 Sb.;89/2012 Sb.;NOZ § 420-422
5236472;4) § 24 zákona č. 513/1991 Sb., obchodního zákoníku.;239/1992 Sb.;513/1991 Sb.;91/2012 Sb.;ZMPS
10281007;12) Například zákon č. 455/1991 Sb., o živnostenském podnikání (živnostenský zákon), ve znění pozdějších předpisů, zákon č. 513/1991 Sb., obchodní zákoník, ve znění pozdějších předpisů.;239/2000 Sb.;513/1991 Sb.;89/2012 Sb.;NOZ
55681614;3) Například zákon č. 455/1991 Sb., o živnostenském podnikání (živnostenský zákon), ve znění pozdějších předpisů, zákon č. 513/1991 Sb., obchodní zákoník, ve znění pozdějších předpisů.;240/2000 Sb.;513/1991 Sb.;89/2012 Sb.;NOZ
55681652;49) Například zákon č. 455/1991 Sb., o živnostenském podnikání (živnostenský zákon), ve znění pozdějších předpisů, zákon č. 513/1991 Sb., obchodní zákoník, ve znění pozdějších předpisů.;240/2000 Sb.;513/1991 Sb.;89/2012 Sb.;NOZ
55682369;7) § 2 odst. 2 obchodního zákoníku.;241/2000 Sb.;513/1991 Sb.;89/2012 Sb.;NOZ § 420-422
55682381;22) Například zákon č. 101/2000 Sb., o ochraně osobních údajů a o změně některých zákonů.;241/2000 Sb.;101/2000 Sb.;NA;GDPR
23871992;11) § 79 a násl. zákona č. 99/1963 Sb., občanský soudní řád, ve znění pozdějších předpisů.;242/2022 Sb.;99/1963 Sb.;99/1963 Sb.;OSŘ
5267993;6b) Zákon č. 101/2000 Sb., o ochraně osobních údajů a o změně některých zákonů, ve znění pozdějších předpisů.;246/1992 Sb.;101/2000 Sb.;110/2019 Sb.;zák. o zpr. os. ú.
7157806;10) § 200m zákona č. 99/1963 Sb., občanský soudní řád, ve znění pozdějších předpisů.;247/1995 Sb.;99/1963 Sb.;292/2013 Sb.;zák. zvl. ř. s.
7157808;13) § 200m občanského soudního řádu.;247/1995 Sb.;99/1963 Sb.;292/2013 Sb.;zák. zvl. ř. s.
7157809;14) § 200n občanského soudního řádu.;247/1995 Sb.;99/1963 Sb.;292/2013 Sb.;zák. zvl. ř. s.
10326204;3b) Zákon č. 36/1967 Sb., o znalcích a tlumočnících.;247/2000 Sb.;36/1967 Sb.;354/2019 Sb.;zák. o tlum.
10332117;7a) Zákon č. 227/2000 Sb., o elektronickém podpisu a o změně některých dalších zákonů (zákon o elektronickém podpisu), ve znění pozdějších předpisů.;248/2000 Sb.;227/2000 Sb.;NA;eIDAS
56319982;6) § 497 a násl. obchodního zákoníku.;250/2000 Sb.;513/1991 Sb.;89/2012 Sb.;NOZ § 2395-2400
56319992;15) Zákon č. 513/1991 Sb., obchodní zákoník, ve znění pozdějších předpisů.;250/2000 Sb.;513/1991 Sb.;90/2012 Sb.;ZOK
56320003;23) Například zákon č. 101/2000 Sb., o ochraně osobních údajů a o změně některých zákonů, ve znění pozdějších předpisů.;250/2000 Sb.;101/2000 Sb.;110/2019 Sb.;zák. o zpr. os. ú.
56110066;11) Například § 128 občanského soudního řádu, § 11 odst. 1 zákona č. 582/1991 Sb., o organizaci a provádění sociálního zabezpečení, ve znění pozdějších předpisů, § 9 odst. 1 zákona č. 89/1995 Sb., o státní statistické službě, ve znění pozdějších předpisů.;251/2005 Sb.;99/1963 Sb.;99/1963 Sb.;OSŘ
56110067;12) Zákon č. 101/2000 Sb., o ochraně osobních údajů a o změně některých zákonů, ve znění pozdějších předpisů.;251/2005 Sb.;101/2000 Sb.;NA;GDPR
56110120;66) § 2 odst. 2 obchodního zákoníku.;251/2005 Sb.;513/1991 Sb.;89/2012 Sb.;NOZ § 420-422
7990852;48) Zákon č. 101/2000 Sb., o ochraně osobních údajů a o změně některých zákonů, ve znění pozdějších předpisů.;252/1997 Sb.;101/2000 Sb.;NA;GDPR
11606281;43d) § 4 písm. e) zákona č. 101/2000 Sb., o ochraně osobních údajů a o změně některých zákonů.;254/2001 Sb.;101/2000 Sb.;NA;GDPR
11606282;43e) § 5 odst. 1 písm. c) zákona č. 101/2000 Sb., ve znění zákona č. 439/2004 Sb.;254/2001 Sb.;101/2000 Sb.;NA;GDPR
11606282;43e) § 5 odst. 1 písm. c) zákona č. 101/2000 Sb., ve znění zákona č. 439/2004 Sb.;254/2001 Sb.;439/2004 Sb.;NA;GDPR
10365513;30) Zákon č. 101/2000 Sb., o ochraně osobních údajů a o změně některých zákonů, ve znění pozdějších předpisů.;256/2000 Sb.;101/2000 Sb.;NA;GDPR
11615246;4) Například § 27 a násl. obchodního zákoníku, ve znění pozdějších předpisů, § 5 zákona č. 248/1995 Sb., o obecně prospěšných společnostech a o změně a doplnění některých zákonů, § 5 zákona č. 227/1997 Sb., o nadacích a nadačních fondech a o změně a doplnění některých souvisejících zákonů (zákon o nadacích a nadačních fondech).;257/2001 Sb.;513/1991 Sb.;304/2013 Sb.;zák. o ver. řejst.
56173792;43) Zákon č. 101/2000 Sb., o ochraně osobních údajů a o změně některých zákonů, ve znění pozdějších předpisů.;258/2000 Sb.;101/2000 Sb.;110/2019 Sb.;zák. o zpr. os. ú.
9651153;1) Zákon č. 427/1990 Sb., o převodech vlastnictví státu k některým věcem na jiné právnické nebo fyzické osoby, ve znění pozdějších předpisů. Zákon č. 337/1992 Sb., o správě daní a poplatků, ve znění pozdějších předpisů. Zákon č. 99/1963 Sb., občanský soudní řád, ve znění pozdějších předpisů.;26/2000 Sb.;99/1963 Sb.;99/1963 Sb.;OSŘ
9651157;3b) § 66a odst. 2 až 7 obchodního zákoníku.;26/2000 Sb.;513/1991 Sb.;90/2012 Sb.;ZOK
9651158;4) § 66a zákona č. 513/1991 Sb., obchodní zákoník.;26/2000 Sb.;513/1991 Sb.;90/2012 Sb.;ZOK
9651162;7) § 5 obchodního zákoníku.;26/2000 Sb.;513/1991 Sb.;89/2012 Sb.;NOZ § 502
9651163;8) § 7 obchodního zákoníku.;26/2000 Sb.;513/1991 Sb.;89/2012 Sb.;NOZ
9651165;10) Zákon č. 36/1967 Sb., o znalcích a tlumočnících.;26/2000 Sb.;36/1967 Sb.;254/2019 Sb.;zák. o zn.
9651177;14b) § 334a občanského soudního řádu.;26/2000 Sb.;99/1963 Sb.;99/1963 Sb.;OSŘ
9651182;17a) § 268 odst. 1 písm. h) občanského soudního řádu.;26/2000 Sb.;99/1963 Sb.;99/1963 Sb.;OSŘ
56203649;49) Zákon č. 101/2000 Sb., o ochraně osobních údajů a o změně některých zákonů, ve znění pozdějších předpisů.;262/2006 Sb.;101/2000 Sb.;NA;GDPR
56203655;54) § 276 až 302 občanského soudního řádu. Zákon č. 119/2001 Sb., kterým se stanoví pravidla pro případy souběžně probíhajících výkonů rozhodnutí.;262/2006 Sb.;99/1963 Sb.;99/1963 Sb.;OSŘ
56203656;55) § 277 občanského soudního řádu.;262/2006 Sb.;99/1963 Sb.;99/1963 Sb.;OSŘ
56203672;71) Například § 200 obchodního zákoníku.;262/2006 Sb.;513/1991 Sb.;90/2012 Sb.;ZOK § 451, 452
56203698;97) Například obchodní zákoník, zákon č. 328/1991 Sb., ve znění pozdějších předpisů.;262/2006 Sb.;513/1991 Sb.;89/2012 Sb.;NOZ
56203694;93) § 278 občanského soudního řádu.;262/2006 Sb.;99/1963 Sb.;99/1963 Sb.;OSŘ
56203715;116) § 299 občanského soudního řádu.;262/2006 Sb.;99/1963 Sb.;99/1963 Sb.;OSŘ
56528730;1b) Zákon č. 455/1991 Sb., o živnostenském podnikání (živnostenský zákon), ve znění pozdějších přepisů. Zákon č. 513/1991 Sb., obchodní zákoník, ve znění pozdějších předpisů.;266/1994 Sb.;513/1991 Sb.;89/2012 Sb.;NOZ
56528738;5a) § 3 odst. 2 zákona č. 513/1991 Sb., obchodní zákoník.;266/1994 Sb.;513/1991 Sb.;89/2012 Sb.;NOZ
56528742;6h) § 46a zákona č. 99/1963 Sb., občanský soudní řád, ve znění zákona č. 7/2009 Sb.;266/1994 Sb.;7/2009 Sb.;NA;OSŘ
56528742;6h) § 46a zákona č. 99/1963 Sb., občanský soudní řád, ve znění zákona č. 7/2009 Sb.;266/1994 Sb.;99/1963 Sb.;99/1963 Sb.;OSŘ
56339802;5a) Zákon č. 499/2004 Sb., o archivnictví a spisové službě a o změně některých zákonů, ve znění pozdějších předpisů. Zákon č. 101/2000 Sb., o ochraně osobních údajů a o změně některých zákonů, ve znění pozdějších předpisů.;269/1994 Sb.;101/2000 Sb.;110/2019 Sb.;zák. o zpr. os. ú.
56339798;2f) § 5 odst. 1 písm. c) zákona č. 101/2000 Sb., ve znění zákona č. 439/2004 Sb.;269/1994 Sb.;101/2000 Sb.;NA;GDPR
56339798;2f) § 5 odst. 1 písm. c) zákona č. 101/2000 Sb., ve znění zákona č. 439/2004 Sb.;269/1994 Sb.;439/2004 Sb.;NA;GDPR
20816374;11) Zákon č. 227/2000 Sb., o elektronickém podpisu a o změně některých dalších zákonů (zákon o elektronickém podpisu), ve znění pozdějších předpisů.;272/2013 Sb.;227/2000 Sb.;297/2016 Sb.;
11640401;1) Zákon č. 101/2000 Sb., o ochraně osobních údajů a o změně některých zákonů, ve znění pozdějších předpisů.;273/2001 Sb.;101/2000 Sb.;NA;GDPR
11640406;6) § 18 zákona č. 99/1963 Sb., občanský soudní řád, ve znění zákona č. 30/2000 Sb. § 7 zákona č. 335/1991 Sb., o soudech a soudcích. § 2 zákona č. 141/1961 Sb., o trestním řízení soudním (trestní řád), ve znění pozdějších předpisů. § 33 zákona č. 182/1993 Sb., o Ústavním soudu. § 12 zákona č. 563/1991 Sb., o účetnictví. § 46a zákona č. 202/1990 Sb., o loteriích a jiných podobných hrách, ve znění zákona č. 149/1998 Sb. § 3 zákona č. 337/1992 Sb., o správě daní a poplatků, ve znění zákona č. 35/1993 Sb. a zákona č. 255/1994 Sb.;273/2001 Sb.;149/1998 Sb.;NA;OSŘ
11640406;6) § 18 zákona č. 99/1963 Sb., občanský soudní řád, ve znění zákona č. 30/2000 Sb. § 7 zákona č. 335/1991 Sb., o soudech a soudcích. § 2 zákona č. 141/1961 Sb., o trestním řízení soudním (trestní řád), ve znění pozdějších předpisů. § 33 zákona č. 182/1993 Sb., o Ústavním soudu. § 12 zákona č. 563/1991 Sb., o účetnictví. § 46a zákona č. 202/1990 Sb., o loteriích a jiných podobných hrách, ve znění zákona č. 149/1998 Sb. § 3 zákona č. 337/1992 Sb., o správě daní a poplatků, ve znění zákona č. 35/1993 Sb. a zákona č. 255/1994 Sb.;273/2001 Sb.;255/1994 Sb.;NA;OSŘ
11640406;6) § 18 zákona č. 99/1963 Sb., občanský soudní řád, ve znění zákona č. 30/2000 Sb. § 7 zákona č. 335/1991 Sb., o soudech a soudcích. § 2 zákona č. 141/1961 Sb., o trestním řízení soudním (trestní řád), ve znění pozdějších předpisů. § 33 zákona č. 182/1993 Sb., o Ústavním soudu. § 12 zákona č. 563/1991 Sb., o účetnictví. § 46a zákona č. 202/1990 Sb., o loteriích a jiných podobných hrách, ve znění zákona č. 149/1998 Sb. § 3 zákona č. 337/1992 Sb., o správě daní a poplatků, ve znění zákona č. 35/1993 Sb. a zákona č. 255/1994 Sb.;273/2001 Sb.;30/2000 Sb.;NA;OSŘ
11640406;6) § 18 zákona č. 99/1963 Sb., občanský soudní řád, ve znění zákona č. 30/2000 Sb. § 7 zákona č. 335/1991 Sb., o soudech a soudcích. § 2 zákona č. 141/1961 Sb., o trestním řízení soudním (trestní řád), ve znění pozdějších předpisů. § 33 zákona č. 182/1993 Sb., o Ústavním soudu. § 12 zákona č. 563/1991 Sb., o účetnictví. § 46a zákona č. 202/1990 Sb., o loteriích a jiných podobných hrách, ve znění zákona č. 149/1998 Sb. § 3 zákona č. 337/1992 Sb., o správě daní a poplatků, ve znění zákona č. 35/1993 Sb. a zákona č. 255/1994 Sb.;273/2001 Sb.;35/1993 Sb.;NA;OSŘ
11640406;6) § 18 zákona č. 99/1963 Sb., občanský soudní řád, ve znění zákona č. 30/2000 Sb. § 7 zákona č. 335/1991 Sb., o soudech a soudcích. § 2 zákona č. 141/1961 Sb., o trestním řízení soudním (trestní řád), ve znění pozdějších předpisů. § 33 zákona č. 182/1993 Sb., o Ústavním soudu. § 12 zákona č. 563/1991 Sb., o účetnictví. § 46a zákona č. 202/1990 Sb., o loteriích a jiných podobných hrách, ve znění zákona č. 149/1998 Sb. § 3 zákona č. 337/1992 Sb., o správě daní a poplatků, ve znění zákona č. 35/1993 Sb. a zákona č. 255/1994 Sb.;273/2001 Sb.;99/1963 Sb.;99/1963 Sb.;OSŘ
17949879;6) Například zákon č. 99/1963 Sb., občanský soudní řád, ve znění pozdějších předpisů, zákon č. 141/1961 Sb., ve znění pozdějších předpisů, zákon č. 500/2004 Sb., správní řád, ve znění zákona č. 413/2005 Sb.;273/2008 Sb.;413/2005 Sb.;NA;OSŘ
17949879;6) Například zákon č. 99/1963 Sb., občanský soudní řád, ve znění pozdějších předpisů, zákon č. 141/1961 Sb., ve znění pozdějších předpisů, zákon č. 500/2004 Sb., správní řád, ve znění zákona č. 413/2005 Sb.;273/2008 Sb.;99/1963 Sb.;99/1963 Sb.;OSŘ
17949895;26) Zákon č. 101/2000 Sb., o ochraně osobních údajů, ve znění pozdějších předpisů.;273/2008 Sb.;101/2000 Sb.;110/2019 Sb.;zák. o zpr. os. ú.
56891434;11) § 5 odst. 2 písm. a) zákona č. 101/2000 Sb., o ochraně osobních údajů a o změně některých zákonů, ve znění zákona č. 439/2004 Sb.;277/2009 Sb.;101/2000 Sb.;NA;GDPR
56891434;11) § 5 odst. 2 písm. a) zákona č. 101/2000 Sb., o ochraně osobních údajů a o změně některých zákonů, ve znění zákona č. 439/2004 Sb.;277/2009 Sb.;439/2004 Sb.;NA;GDPR
5287123;10) § 75 odst. 1 obchodního zákoníku.;280/1992 Sb.;513/1991 Sb.;89/2012 Sb.;NOZ
5287126;14) § 2 odst. 1 obchodního zákoníku.;280/1992 Sb.;513/1991 Sb.;89/2012 Sb.;NOZ § 420-422
5287131;20) Například zákon č. 592/1992 Sb., o pojistném na všeobecné zdravotní pojištění, ve znění pozdějších předpisů, zákon č. 101/2000 Sb., o ochraně osobních údajů a o změně některých zákonů, ve znění pozdějších předpisů.;280/1992 Sb.;101/2000 Sb.;110/2019 Sb.;zák. o zpr. os. ú.
55981167;1) § 19 a 20 občanského soudního řádu.;280/2009 Sb.;99/1963 Sb.;99/1963 Sb.;OSŘ
55981179;16) Například § 56 odst. 5 obchodního zákoníku, § 8 odst. 1 písm. a) zákona č. 357/1992 Sb., o dani dědické, dani darovací a dani z převodu nemovitostí, ve znění zákona č. 322/1993 Sb.;280/2009 Sb.;322/1993 Sb.;NA;ZOK § 1-8
55981179;16) Například § 56 odst. 5 obchodního zákoníku, § 8 odst. 1 písm. a) zákona č. 357/1992 Sb., o dani dědické, dani darovací a dani z převodu nemovitostí, ve znění zákona č. 322/1993 Sb.;280/2009 Sb.;513/1991 Sb.;90/2012 Sb.;ZOK § 1-8
55981186;23) § 336a odst. 2 občanského soudního řádu.;280/2009 Sb.;99/1963 Sb.;99/1963 Sb.;OSŘ
55981187;24) § 175b občanského soudního řádu.;280/2009 Sb.;99/1963 Sb.;292/2013 Sb.;zák. zvl. ř. s.
55981190;28) § 200j až 200m občanského soudního řádu.;280/2009 Sb.;99/1963 Sb.;292/2013 Sb.;zák. zvl. ř. s.
56080149;3) § 4 písm a) a b) zákona č. 101/2000 Sb., o ochraně osobních údajů a o změně některých zákonů, ve znění zákona č. 177/2001 Sb.;283/1993 Sb.;101/2000 Sb.;NA;GDPR
56080149;3) § 4 písm a) a b) zákona č. 101/2000 Sb., o ochraně osobních údajů a o změně některých zákonů, ve znění zákona č. 177/2001 Sb.;283/1993 Sb.;177/2001 Sb.;NA;GDPR
56080150;4) Zákon č. 101/2000 Sb.;283/1993 Sb.;101/2000 Sb.;NA;GDPR
56080167;5g) § 250l a násl. občanského soudního řádu.;283/1993 Sb.;99/1963 Sb.;99/1963 Sb.;OSŘ
56080174;8) Např. § 250i odst. 2 zákona č. 99/1963 Sb., § 69 a § 75 odst. 3 zákona č. 71/1967 Sb.;283/1993 Sb.;71/1967 Sb.;99/1963 Sb.;OSŘ
56080174;8) Např. § 250i odst. 2 zákona č. 99/1963 Sb., § 69 a § 75 odst. 3 zákona č. 71/1967 Sb.;283/1993 Sb.;99/1963 Sb.;99/1963 Sb.;OSŘ
12555106;13) Zákon č. 101/2000 Sb., o ochraně osobních údajů a o změně některých zákonů, ve znění pozdějších předpisů.;285/2002 Sb.;101/2000 Sb.;NA;GDPR
15664382;6) Zákon č. 101/2000 Sb., o ochraně osobních údajů a o změně některých zákonů, ve znění pozdějších předpisů.;289/2005 Sb.;101/2000 Sb.;110/2019 Sb.;zák. o zpr. os. ú.
9666321;22) § 27 a násl. obchodního zákoníku.;29/2000 Sb.;513/1991 Sb.;304/2013 Sb.;zák. o ver. řejst.
17974872;13) Například zákon č. 513/1991 Sb., obchodní zákoník, ve znění pozdějších předpisů.;296/2008 Sb.;513/1991 Sb.;89/2012 Sb.;NOZ
17974873;15) Zákon č. 101/2000 Sb., o ochraně osobních údajů a o změně některých zákonů, ve znění pozdějších předpisů.;296/2008 Sb.;101/2000 Sb.;110/2019 Sb.;zák. o zpr. os. ú.
18849629;22) Zákon č. 101/2000 Sb., o ochraně osobních údajů a o změně některých zákonů, ve znění pozdějších předpisů.;296/2009 Sb.;101/2000 Sb.;NA;GDPR
18849630;23) § 2 odst. 2 obchodního zákoníku.;296/2009 Sb.;513/1991 Sb.;89/2012 Sb.;NOZ § 420-422
11934445;14b) Například Občanský zákoník, Obchodní zákoník, zákon č. 227/1997 Sb., o nadacích a nadačních fondech, ve znění pozdějších předpisů, zákon č. 248/1995 Sb., o obecně prospěšných společnostech, ve znění pozdějších předpisů.;3/2002 Sb.;513/1991 Sb.;90/2012 Sb.;ZOK
11934448;16) Obchodní zákoník.  Zákon č. 182/2006 Sb., o úpadku a způsobech jeho řešení (insolvenční zákon), ve znění pozdějších předpisů.;3/2002 Sb.;513/1991 Sb.;89/2012 Sb.;NOZ
11934450;18) Zákon č. 37/1973 Sb., o veřejných sbírkách a o loteriích a jiných podobných hrách, ve znění pozdějších předpisů.;3/2002 Sb.;37/1973 Sb.;117/2001 Sb.;
56367069;15) Například zákon č. 36/1967 Sb., o znalcích a tlumočnících, ve znění pozdějších předpisů.;300/2013 Sb.;36/1967 Sb.;254/2019 Sb.;zák. o zn.
5293269;1) § 2 odst. 2 písm. a), b), d) obchodního zákoníku.;301/1992 Sb.;513/1991 Sb.;89/2012 Sb.;NOZ § 420-422
56248930;2) Zákon č. 101/2000 Sb., o ochraně osobních údajů a o změně některých zákonů.;301/2000 Sb.;101/2000 Sb.;NA;GDPR
10508309;3) § 761 odst. 1 obchodního zákoníku.;305/2000 Sb.;513/1991 Sb.;219/2000 Sb.;zák. o maj. čr
12598847;15) Zákon č. 29/1984 Sb., o soustavě základních škol, středních škol a vyšších odborných škol (školský zákon), ve znění pozdějších předpisů. Zákon č. 111/1998 Sb., o vysokých školách a o změně a doplnění dalších zákonů (zákon o vysokých školách), ve znění pozdějších předpisů. Živnostenský zákon. Obchodní zákoník.;312/2002 Sb.;513/1991 Sb.;89/2012 Sb.;NOZ
16930483;15) § 17 zákona č. 513/1991 Sb.;319/2006 Sb.;513/1991 Sb.;89/2012 Sb.;NOZ § 504
9316672;7) § 250l a násl. občanského soudního řádu.;325/1999 Sb.;99/1963 Sb.;99/1963 Sb.;OSŘ
9316673;8) Zákon č. 36/1967 Sb., o znalcích a tlumočnících. Vyhláška č. 37/1967 Sb., k provedení zákona o znalcích a tlumočnících, ve znění pozdějších předpisů.;325/1999 Sb.;36/1967 Sb.;354/2019 Sb.;zák. o tlum.
9316684;12a) § 27 zákona č. 101/2000 Sb., o ochraně osobních údajů a o změně některých zákonů.;325/1999 Sb.;101/2000 Sb.;NA;GDPR
56133766;4) Například § 46b písm. a) zákona č. 99/1963 Sb., občanský soudní řád, ve znění pozdějších předpisů.;325/2021 Sb.;99/1963 Sb.;99/1963 Sb.;OSŘ
56865419;13a) Například obchodní zákoník, živnostenský zákon, zákon č. 220/1991 Sb., o České lékařské komoře, České stomatologické komoře a České lékárnické komoře, ve znění pozdějších předpisů, a zákon č. 85/1996 Sb., o advokacii, ve znění pozdějších předpisů.;326/1999 Sb.;513/1991 Sb.;89/2012 Sb.;NOZ
56865443;23) § 17 písm. l) zákona č. 256/1992 Sb.;326/1999 Sb.;256/1992 Sb.;NA;GDPR
56865446;25) Zákon č. 36/1967 Sb., o znalcích a tlumočnících.;326/1999 Sb.;36/1967 Sb.;354/2019 Sb.;zák. o tlum.
56865447;26) § 244 až 250k zákona č. 99/1963 Sb.;326/1999 Sb.;99/1963 Sb.;99/1963 Sb.;OSŘ
56865451;30) Například zákon č. 455/1991 Sb., o živnostenském podnikání (živnostenský zákon), ve znění pozdějších předpisů, zákon č. 513/1991 Sb., obchodní zákoník, ve znění pozdějších předpisů, zákon č. 160/1992 Sb., o zdravotní péči v nestátních zdravotnických zařízeních, ve znění pozdějších předpisů, zákon č. 20/1987 Sb., o státní památkové péči, ve znění pozdějších předpisů.;326/1999 Sb.;513/1991 Sb.;304/2013 Sb.;zák. o ver. řejst.
14557271;26) Například § 17 a násl. obchodního zákoníku.;326/2004 Sb.;513/1991 Sb.;89/2012 Sb.;NOZ § 504
14557276;35a) Zákon č. 513/1991 Sb., obchodní zákoník, ve znění pozdějších předpisů. Zákon č. 455/1991 Sb., o živnostenském podnikání (živnostenský zákon), ve znění pozdějších předpisů. Zákon č. 252/1997 Sb., o zemědělství, ve znění pozdějších předpisů.;326/2004 Sb.;513/1991 Sb.;89/2012 Sb.;NOZ
14557309;80) § 271 zákona č. 513/1991 Sb., obchodní zákoník, ve znění pozdějších předpisů.;326/2004 Sb.;513/1991 Sb.;89/2012 Sb.;NOZ
56688519;1a) § 5 zákona č. 101/2000 Sb., ve znění zákona č. 177/2001 Sb.;329/1999 Sb.;101/2000 Sb.;NA;GDPR
56688519;1a) § 5 zákona č. 101/2000 Sb., ve znění zákona č. 177/2001 Sb.;329/1999 Sb.;177/2001 Sb.;NA;GDPR
56688546;16) Zákon č. 101/2000 Sb., o ochraně osobních údajů a o změně některých zákonů, ve znění pozdějších předpisů.;329/1999 Sb.;101/2000 Sb.;110/2019 Sb.;zák. o zpr. os. ú.
56688549;19a) § 12 odst. 2 zákona č. 101/2000 Sb., ve znění zákona č. 177/2001 Sb.;329/1999 Sb.;101/2000 Sb.;NA;GDPR
56688549;19a) § 12 odst. 2 zákona č. 101/2000 Sb., ve znění zákona č. 177/2001 Sb.;329/1999 Sb.;177/2001 Sb.;NA;GDPR
56213278;24) Zákon č. 101/2000 Sb., o ochraně osobních údajů a o změně některých zákonů, ve znění pozdějších předpisů.;329/2011 Sb.;101/2000 Sb.;NA;GDPR
5306708;20) § 502 zákona č. 513/1991 Sb., obchodní zákoník.;334/1992 Sb.;513/1991 Sb.;89/2012 Sb.;NOZ
56074219;4) § 761 odst. 1. zákona č. 513/1991 Sb., obchodní zákoník. Vyhláška federálního ministerstva financí č. 119/1988 Sb., o hospodaření s národním majetkem, ve znění pozdějších předpisů.;338/1992 Sb.;513/1991 Sb.;219/2000 Sb.;zák. o maj. čr
56074223;22) Zákon č. 105/1990 Sb., o soukromém podnikání občanů, ve znění zákona č. 219/1991 Sb. a zákona č. 455/1991 Sb. Zákon č. 513/1991 Sb., obchodní zákoník.;338/1992 Sb.;219/1991 Sb.;NA;NOZ
56074223;22) Zákon č. 105/1990 Sb., o soukromém podnikání občanů, ve znění zákona č. 219/1991 Sb. a zákona č. 455/1991 Sb. Zákon č. 513/1991 Sb., obchodní zákoník.;338/1992 Sb.;455/1991 Sb.;NA;NOZ
56074223;22) Zákon č. 105/1990 Sb., o soukromém podnikání občanů, ve znění zákona č. 219/1991 Sb. a zákona č. 455/1991 Sb. Zákon č. 513/1991 Sb., obchodní zákoník.;338/1992 Sb.;513/1991 Sb.;89/2012 Sb.;NOZ
55953420;5) § 27 obchodního zákoníku.;341/2005 Sb.;513/1991 Sb.;304/2013 Sb.;zák. o ver. řejst.
55953424;9) Zákon č. 36/1967 Sb., o znalcích a tlumočnících.;341/2005 Sb.;36/1967 Sb.;354/2019 Sb.;zák. o tlum.
55953426;11) § 69a obchodního zákoníku.;341/2005 Sb.;513/1991 Sb.;125/2008 Sb.;ZPREM
55953427;12) § 70 až 75b obchodního zákoníku.;341/2005 Sb.;513/1991 Sb.;89/2012 Sb.;NOZ
55953428;13) Například obchodní zákoník, zákon č. 148/1998 Sb., o ochraně utajovaných skutečností a o změně některých zákonů, ve znění pozdějších předpisů, autorský zákon, zákon č. 101/2000 Sb., o ochraně osobních údajů a o změně některých zákonů, ve znění pozdějších předpisů.;341/2005 Sb.;101/2000 Sb.;NA;GDPR
55953428;13) Například obchodní zákoník, zákon č. 148/1998 Sb., o ochraně utajovaných skutečností a o změně některých zákonů, ve znění pozdějších předpisů, autorský zákon, zákon č. 101/2000 Sb., o ochraně osobních údajů a o změně některých zákonů, ve znění pozdějších předpisů.;341/2005 Sb.;513/1991 Sb.;89/2012 Sb.;NOZ
15689699;13) § 2 obchodního zákoníku.;348/2005 Sb.;513/1991 Sb.;89/2012 Sb.;NOZ § 420-422
15689700;14) Zákon č. 101/2000 Sb., o ochraně osobních údajů a o změně některých zákonů, ve znění pozdějších předpisů.;348/2005 Sb.;101/2000 Sb.;NA;GDPR
56000422;26) § 313 a násl. zákona č. 513/1991 Sb.;353/2003 Sb.;513/1991 Sb.;89/2012 Sb.;NOZ
56000423;27) § 303 a násl. zákona č. 513/1991 Sb.;353/2003 Sb.;513/1991 Sb.;89/2012 Sb.;NOZ
56000443;58) Například § 190b zákona č. 513/1991 Sb., § 3 zákona č. 143/2001 Sb., o ochraně hospodářské soutěže.;353/2003 Sb.;513/1991 Sb.;90/2012 Sb.;ZOK
56000457;67) § 2 odst. 2 obchodního zákoníku.;353/2003 Sb.;513/1991 Sb.;89/2012 Sb.;NOZ § 420-422
5372615;1) § 38 zákona č. 99/1963 Sb., občanský soudní řád, ve znění pozdějších předpisů.;358/1992 Sb.;99/1963 Sb.;292/2013 Sb.;zák. zvl. ř. s.
5372617;3) § 250l a násl. občanského soudního řádu.;358/1992 Sb.;99/1963 Sb.;99/1963 Sb.;OSŘ
5372621;4b) § 274 písm. i) občanského soudního řádu.;358/1992 Sb.;99/1963 Sb.;292/2013 Sb.;zák. zvl. ř. s.
5372625;4e) § 200ua občanského soudního řádu. Čl. 2 až 4 nařízení Evropského parlamentu a Rady (ES) č. 805/2004 ze dne 21. 4. 2004, kterým se zavádí evropský exekuční titul pro nesporné nároky.;358/1992 Sb.;99/1963 Sb.;292/2013 Sb.;zák. zvl. ř. s.
5372627;5c) § 38 odst. 1 občanského soudního řádu.;358/1992 Sb.;99/1963 Sb.;292/2013 Sb.;zák. zvl. ř. s.
9616373;7) Například § 178 zákona č. 99/1963 Sb., občanský soudní řád, ve znění pozdějších předpisů, § 2 a 43 zákona č. 283/1991 Sb., o Policii České republiky, ve znění pozdějších předpisů.;359/1999 Sb.;99/1963 Sb.;99/1963 Sb.;OSŘ
9616378;12) § 178 občanského soudního řádu.;359/1999 Sb.;99/1963 Sb.;99/1963 Sb.;OSŘ
9616379;12a) § 272 až 273a občanského soudního řádu, ve znění pozdějších předpisů.;359/1999 Sb.;99/1963 Sb.;292/2013 Sb.;zák. zvl. ř. s.
9616385;24) § 272 až 273a občanského soudního řádu.;359/1999 Sb.;99/1963 Sb.;292/2013 Sb.;zák. zvl. ř. s.
9616392;34b) § 27 zákona č. 101/2000 Sb., o ochraně osobních údajů a o změně některých zákonů, ve znění zákona č. 177/2001 Sb.;359/1999 Sb.;101/2000 Sb.;NA;GDPR
9616392;34b) § 27 zákona č. 101/2000 Sb., o ochraně osobních údajů a o změně některých zákonů, ve znění zákona č. 177/2001 Sb.;359/1999 Sb.;177/2001 Sb.;NA;GDPR
9616397;39b) § 75 odst. 4 občanského soudního řádu, ve znění pozdějších předpisů.;359/1999 Sb.;99/1963 Sb.;292/2013 Sb.;zák. zvl. ř. s.
9616417;50c) Zákon č. 101/2000 Sb., ve znění pozdějších předpisů.;359/1999 Sb.;101/2000 Sb.;NA;GDPR
5381077;3) Zákon č. 513/1991 Sb., obchodní zákoník.;360/1992 Sb.;513/1991 Sb.;89/2012 Sb.;NOZ
5381091;7) § 3 odst. 1 písm. b) a c) bod 8. zákona č. 455/1991 Sb. § 2 odst. 2 písm. c) zákona č. 513/1991 Sb.;360/1992 Sb.;513/1991 Sb.;89/2012 Sb.;NOZ § 420-422
56874868;35) § 12 odst. 2 zákona č. 101/2000 Sb., o ochraně osobních údajů a o změně některých zákonů, ve znění zákona č. 177/2001 Sb.;361/2000 Sb.;101/2000 Sb.;NA;GDPR
56874868;35) § 12 odst. 2 zákona č. 101/2000 Sb., o ochraně osobních údajů a o změně některých zákonů, ve znění zákona č. 177/2001 Sb.;361/2000 Sb.;177/2001 Sb.;NA;GDPR
56874869;35a) Zákon č. 101/2000 Sb., ve znění pozdějších předpisů.;361/2000 Sb.;101/2000 Sb.;110/2019 Sb.;zák. o zpr. os. ú.
56874874;35e) § 4 písm. e) zákona č. 101/2000 Sb.;361/2000 Sb.;101/2000 Sb.;NA;GDPR
56874875;35f) § 5 odst. 1 písm. c) zákona č. 101/2000 Sb., ve znění zákona č. 439/2004 Sb.;361/2000 Sb.;101/2000 Sb.;NA;GDPR
56874875;35f) § 5 odst. 1 písm. c) zákona č. 101/2000 Sb., ve znění zákona č. 439/2004 Sb.;361/2000 Sb.;439/2004 Sb.;NA;GDPR
56781867;26) Například zákon č. 101/2000 Sb., o ochraně osobních údajů a o změně některých zákonů, ve znění pozdějších předpisů.;361/2003 Sb.;101/2000 Sb.;NA;GDPR
56781868;27) § 12 odst. 1 a § 16 zákona č. 36/1967 Sb., o znalcích a tlumočnících.;361/2003 Sb.;36/1967 Sb.;254/2019 Sb.;zák. o zn.
56782148;78) § 192 občanského soudního řádu.;361/2003 Sb.;99/1963 Sb.;292/2013 Sb.;zák. zvl. ř. s.
56217873;33) § 4 písm. d) zákona č. 101/2000 Sb., o ochraně osobních údajů a o změně některých zákonů.;372/2011 Sb.;101/2000 Sb.;NA;GDPR
56217882;42) § 66b obchodního zákoníku.;372/2011 Sb.;513/1991 Sb.;90/2012 Sb.;ZOK
56381231;12) § 2 odst. 1 a § 21 odst. 1 zákona č. 36/1967 Sb., o znalcích a tlumočnících, ve znění pozdějších předpisů.;374/2015 Sb.;36/1967 Sb.;254/2019 Sb.;zák. o zn.
15748882;3) § 239 odst. 4 písm. i) obchodního zákoníku.;378/2005 Sb.;513/1991 Sb.;90/2012 Sb.;ZOK
15748892;13) § 254 odst. 2 písm. c) ve spojení s § 257 obchodního zákoníku.;378/2005 Sb.;513/1991 Sb.;89/2012 Sb.;NOZ
56451021;36) Zákon č. 101/2000 Sb., o ochraně osobních údajů a o změně některých zákonů, ve znění pozdějších předpisů.;378/2007 Sb.;101/2000 Sb.;NA;GDPR
56451032;52) Zákon č. 227/2000 Sb., o elektronickém podpisu a o změně některých dalších zákonů (zákon o elektronickém podpisu), ve znění pozdějších předpisů.;378/2007 Sb.;227/2000 Sb.;297/2016 Sb.;
56451035;55) Například obchodní zákoník, zákon č. 527/1990 Sb., o vynálezech a zlepšovacích návrzích, ve znění pozdějších předpisů, zákon č. 441/2003 Sb., o ochranných známkách a o změně zákona č. 6/2002 Sb., o soudech, soudcích, přísedících a státní správě soudů a o změně některých dalších zákonů (zákon o soudech a soudcích), ve znění pozdějších předpisů, (zákon o ochranných známkách), ve znění pozdějších předpisů.;378/2007 Sb.;513/1991 Sb.;89/2012 Sb.;NOZ
56451041;60) Například zákon č. 101/2000 Sb., ve znění pozdějších předpisů, občanský zákoník a trestní zákon.;378/2007 Sb.;101/2000 Sb.;110/2019 Sb.;zák. o zpr. os. ú.
56451081;103) Například občanský zákoník, trestní zákoník, zákon č. 101/2000 Sb., ve znění pozdějších předpisů. Čl. 75 nařízení Evropského parlamentu a Rady (EU) č. 536/2014.;378/2007 Sb.;101/2000 Sb.;NA;GDPR
6370751;1) § 21 odst. 2 zákona č. 513/1991 Sb., obchodní zákoník, ve znění pozdějších předpisů.;38/1994 Sb.;513/1991 Sb.;89/2012 Sb.;NOZ § 3024
4302376;1c) § 2 odst. 2 obchodního zákoníku.;381/1991 Sb.;513/1991 Sb.;89/2012 Sb.;NOZ § 420-422
20419812;9) § 7 odst. 3 zákona č. 513/1991 Sb., obchodní zákoník.;383/2012 Sb.;513/1991 Sb.;89/2012 Sb.;NOZ
4303961;1) § 62 písm. b) zákona č. 109/1964 Sb., hospodářský zákoník, ve znění pozdějších předpisů.;388/1991 Sb.;109/1964 Sb.;89/2012 Sb.;NOZ
56081760;17) § 652 zákona č. 513/1991 Sb., ve znění zákona č. 370/2000 Sb.;40/1995 Sb.;370/2000 Sb.;NA;NOZ
56081760;17) § 652 zákona č. 513/1991 Sb., ve znění zákona č. 370/2000 Sb.;40/1995 Sb.;513/1991 Sb.;89/2012 Sb.;NOZ
3971372;3) Část čtvrtá A hospodářského zákoníku č. 109/1964 Sb., ve znění pozdějších předpisů. Zákon č. 104/1990 Sb., o akciových společnostech.;403/1990 Sb.;109/1964 Sb.;90/2012 Sb.;ZOK
10724706;11) § 5 obchodního zákoníku, ve znění pozdějších předpisů.;408/2000 Sb.;513/1991 Sb.;89/2012 Sb.;NOZ
10724702;10) § 2 odst. 2 písm. d) obchodního zákoníku.;408/2000 Sb.;513/1991 Sb.;89/2012 Sb.;NOZ § 420-422
10724703;10a) § 5 obchodního zákoníku.;408/2000 Sb.;513/1991 Sb.;89/2012 Sb.;NOZ § 502
10724707;11a) Zákon č. 101/2000 Sb., o ochraně osobních údajů a o změně některých zákonů, ve znění zákona č. 227/2000 Sb., zákona č. 177/2001 Sb., zákona č. 350/2001 Sb., zákona č. 107/2002 Sb., zákona č. 309/2002 Sb., zákona č. 310/2002 Sb., zákona č. 517/2002 Sb. a zákona č. 439/2004 Sb.;408/2000 Sb.;101/2000 Sb.;NA;GDPR
10724707;11a) Zákon č. 101/2000 Sb., o ochraně osobních údajů a o změně některých zákonů, ve znění zákona č. 227/2000 Sb., zákona č. 177/2001 Sb., zákona č. 350/2001 Sb., zákona č. 107/2002 Sb., zákona č. 309/2002 Sb., zákona č. 310/2002 Sb., zákona č. 517/2002 Sb. a zákona č. 439/2004 Sb.;408/2000 Sb.;107/2002 Sb.;NA;GDPR
10724707;11a) Zákon č. 101/2000 Sb., o ochraně osobních údajů a o změně některých zákonů, ve znění zákona č. 227/2000 Sb., zákona č. 177/2001 Sb., zákona č. 350/2001 Sb., zákona č. 107/2002 Sb., zákona č. 309/2002 Sb., zákona č. 310/2002 Sb., zákona č. 517/2002 Sb. a zákona č. 439/2004 Sb.;408/2000 Sb.;177/2001 Sb.;NA;GDPR
10724707;11a) Zákon č. 101/2000 Sb., o ochraně osobních údajů a o změně některých zákonů, ve znění zákona č. 227/2000 Sb., zákona č. 177/2001 Sb., zákona č. 350/2001 Sb., zákona č. 107/2002 Sb., zákona č. 309/2002 Sb., zákona č. 310/2002 Sb., zákona č. 517/2002 Sb. a zákona č. 439/2004 Sb.;408/2000 Sb.;227/2000 Sb.;NA;GDPR
10724707;11a) Zákon č. 101/2000 Sb., o ochraně osobních údajů a o změně některých zákonů, ve znění zákona č. 227/2000 Sb., zákona č. 177/2001 Sb., zákona č. 350/2001 Sb., zákona č. 107/2002 Sb., zákona č. 309/2002 Sb., zákona č. 310/2002 Sb., zákona č. 517/2002 Sb. a zákona č. 439/2004 Sb.;408/2000 Sb.;309/2002 Sb.;NA;GDPR
10724707;11a) Zákon č. 101/2000 Sb., o ochraně osobních údajů a o změně některých zákonů, ve znění zákona č. 227/2000 Sb., zákona č. 177/2001 Sb., zákona č. 350/2001 Sb., zákona č. 107/2002 Sb., zákona č. 309/2002 Sb., zákona č. 310/2002 Sb., zákona č. 517/2002 Sb. a zákona č. 439/2004 Sb.;408/2000 Sb.;310/2002 Sb.;NA;GDPR
10724707;11a) Zákon č. 101/2000 Sb., o ochraně osobních údajů a o změně některých zákonů, ve znění zákona č. 227/2000 Sb., zákona č. 177/2001 Sb., zákona č. 350/2001 Sb., zákona č. 107/2002 Sb., zákona č. 309/2002 Sb., zákona č. 310/2002 Sb., zákona č. 517/2002 Sb. a zákona č. 439/2004 Sb.;408/2000 Sb.;350/2001 Sb.;NA;GDPR
10724707;11a) Zákon č. 101/2000 Sb., o ochraně osobních údajů a o změně některých zákonů, ve znění zákona č. 227/2000 Sb., zákona č. 177/2001 Sb., zákona č. 350/2001 Sb., zákona č. 107/2002 Sb., zákona č. 309/2002 Sb., zákona č. 310/2002 Sb., zákona č. 517/2002 Sb. a zákona č. 439/2004 Sb.;408/2000 Sb.;439/2004 Sb.;NA;GDPR
10724707;11a) Zákon č. 101/2000 Sb., o ochraně osobních údajů a o změně některých zákonů, ve znění zákona č. 227/2000 Sb., zákona č. 177/2001 Sb., zákona č. 350/2001 Sb., zákona č. 107/2002 Sb., zákona č. 309/2002 Sb., zákona č. 310/2002 Sb., zákona č. 517/2002 Sb. a zákona č. 439/2004 Sb.;408/2000 Sb.;517/2002 Sb.;NA;GDPR
10724711;14a) Zákon č. 513/1991 Sb., obchodní zákoník, ve znění pozdějších předpisů.;408/2000 Sb.;513/1991 Sb.;89/2012 Sb.;NOZ
15828995;8) Obchodní zákoník.;412/2005 Sb.;513/1991 Sb.;89/2012 Sb.;NOZ
15828996;9) § 2 odst. 2 obchodního zákoníku.;412/2005 Sb.;513/1991 Sb.;89/2012 Sb.;NOZ § 420-422
15829011;28) Trestní řád. Občanský soudní řád. Soudní řád správní.;412/2005 Sb.;99/1963 Sb.;99/1963 Sb.;OSŘ
15829025;41) Zákon č. 36/1967 Sb., o znalcích a tlumočnících.;412/2005 Sb.;36/1967 Sb.;254/2019 Sb.;zák. o zn.
15829032;43e) § 4 písm. h) zákona č. 101/2000 Sb., o ochraně osobních údajů a o změně některých zákonů, ve znění pozdějších předpisů.;412/2005 Sb.;101/2000 Sb.;NA;GDPR
14646191;1) § 35 odst. 2 zákona č. 150/2002 Sb., soudní řád správní. § 25b zákona č. 99/1963 Sb., občanský soudní řád, ve znění pozdějších předpisů.;417/2004 Sb.;99/1963 Sb.;99/1963 Sb.;OSŘ
14646196;4) Zákon č. 513/1991 Sb., obchodní zákoník, ve znění pozdějších předpisů.;417/2004 Sb.;513/1991 Sb.;304/2013 Sb.;zák. o ver. řejst.
14646198;6) § 69 a následující zákona č. 513/1991 Sb., ve znění pozdějších předpisů.;417/2004 Sb.;513/1991 Sb.;125/2008 Sb.;ZPREM
14646200;8) § 175e občanského soudního řádu.;417/2004 Sb.;99/1963 Sb.;292/2013 Sb.;zák. zvl. ř. s.
5134958;7) § 765 odst. 2 zákona č. 513/1991 Sb.;42/1992 Sb.;513/1991 Sb.;125/2008 Sb.;ZPREM
5134959;8) § 235 zákona č. 513/1991 Sb.;42/1992 Sb.;513/1991 Sb.;NA;zrušen
5134960;9) § 57 a násl. zákona č. 513/1991 Sb.;42/1992 Sb.;513/1991 Sb.;90/2012 Sb.;ZOK
5134961;10) § 254 odst. 1 zákona č. 513/1991 Sb.;42/1992 Sb.;513/1991 Sb.;89/2012 Sb.;NOZ
5134962;11) § 765 odst. 4 zákona č. 513/1991 Sb.;42/1992 Sb.;513/1991 Sb.;125/2008 Sb.;ZPREM
5134966;13) § 221 a násl. zákona č. 513/1991 Sb.;42/1992 Sb.;513/1991 Sb.;90/2012 Sb.;ZOK
5134969;16) § 75 odst. 1 zákona č. 513/1991 Sb., obchodní zákoník, ve znění pozdějších předpisů.;42/1992 Sb.;513/1991 Sb.;89/2012 Sb.;NOZ
56475125;1) Část druhá hlava I díl I a V obchodního zákoníku.;42/1994 Sb.;513/1991 Sb.;90/2012 Sb.;ZOK
56475126;1aa) § 158 obchodního zákoníku.;42/1994 Sb.;513/1991 Sb.;90/2012 Sb.;ZOK
56475127;1b) § 66b obchodního zákoníku.;42/1994 Sb.;513/1991 Sb.;90/2012 Sb.;ZOK
56475136;8a) § 156 odst. 2 obchodního zákoníku.;42/1994 Sb.;513/1991 Sb.;90/2012 Sb.;ZOK § 263
56475147;12a) § 67 a 217 obchodního zákoníku.;42/1994 Sb.;513/1991 Sb.;90/2012 Sb.;ZOK
56475150;13a) Zákon č. 256/1992 Sb., o ochraně osobních údajů v informačních systémech.;42/1994 Sb.;256/1992 Sb.;110/2019 Sb.;zák. o zpr. os. ú.
4317571;2a) § 250m občanského soudního řádu.;424/1991 Sb.;99/1963 Sb.;150/2002 Sb.;SŘS
4317572;2b) Zákon č. 513/1991 Sb., obchodní zákoník, ve znění pozdějších předpisů.;424/1991 Sb.;513/1991 Sb.;89/2012 Sb.;NOZ
3973061;7) § 27a a násl. hospodářského zákoníku č. 109/1964 Sb., ve znění pozdějších předpisů. § 251 zákoníku práce.;427/1990 Sb.;109/1964 Sb.;89/2012 Sb.;NOZ
56323399;19) Zákon č. 101/2000 Sb., o ochraně osobních údajů a o změně některých zákonů, ve znění pozdějších předpisů.;435/2004 Sb.;101/2000 Sb.;110/2019 Sb.;zák. o zpr. os. ú.
56323407;29) § 70 a následující obchodního zákoníku.;435/2004 Sb.;513/1991 Sb.;89/2012 Sb.;NOZ § 187-209
56518034;2) Např. zákon č. 513/1991 Sb., obchodní zákoník, zákon č. 455/1991 Sb., o živnostenském podnikání (živnostenský zákon), zákon č. 111/1990 Sb., o státním podniku, ve znění pozdějších předpisů.;44/1988 Sb.;513/1991 Sb.;89/2012 Sb.;NOZ
56518053;19) Hospodářský zákoník č. 109/1964 Sb., ve znění pozdějších předpisů. Občanský zákoník č. 40/1964 Sb., ve znění pozdějších předpisů (úplné znění č. 70/1983 Sb.). Vládní nařízení č. 46/1967 Sb., o vypořádání škod způsobených provozní hospodářskou činností socialistických organizací na hmotném majetku jiných socialistických organizací a o náhradách v investiční výstavbě.;44/1988 Sb.;109/1964 Sb.;89/2012 Sb.;NOZ
56518053;19) Hospodářský zákoník č. 109/1964 Sb., ve znění pozdějších předpisů. Občanský zákoník č. 40/1964 Sb., ve znění pozdějších předpisů (úplné znění č. 70/1983 Sb.). Vládní nařízení č. 46/1967 Sb., o vypořádání škod způsobených provozní hospodářskou činností socialistických organizací na hmotném majetku jiných socialistických organizací a o náhradách v investiční výstavbě.;44/1988 Sb.;70/1983 Sb.;NA;NOZ
56023173;3a) § 5 odst. 2 písm. a) zákona č. 101/2000 Sb., o ochraně osobních údajů a o změně některých zákonů.;440/2003 Sb.;101/2000 Sb.;NA;GDPR
56023167;14a) § 2 odst. 2 zákona č. 513/1991 Sb., obchodní zákoník, ve znění zákona č. 85/2004 Sb.;440/2003 Sb.;513/1991 Sb.;89/2012 Sb.;NOZ § 420-422
56023167;14a) § 2 odst. 2 zákona č. 513/1991 Sb., obchodní zákoník, ve znění zákona č. 85/2004 Sb.;440/2003 Sb.;85/2004 Sb.;NA;NOZ § 420-422
13688414;7) § 508 až 515 obchodního zákoníku.;441/2003 Sb.;513/1991 Sb.;89/2012 Sb.;NOZ
11838352;19) § 2 odst. 1 obchodního zákoníku.;449/2001 Sb.;513/1991 Sb.;89/2012 Sb.;NOZ § 420-422
20585742;4) Zákon č. 99/1963 Sb., občanský soudní řád, ve znění pozdějších předpisů.;45/2013 Sb.;99/1963 Sb.;99/1963 Sb.;OSŘ
4443731;24a) Zákon č. 36/1967 Sb., o znalcích a tlumočnících.;455/1991 Sb.;36/1967 Sb.;354/2019 Sb.;zák. o tlum.
4443776;47) § 352 až 354 občanského soudního řádu č. 99/1963 Sb.;455/1991 Sb.;99/1963 Sb.;99/1963 Sb.;OSŘ
4443737;25d) Zákon č. 101/2000 Sb., o ochraně osobních údajů a o změně některých zákonů, ve znění pozdějších předpisů.;455/1991 Sb.;101/2000 Sb.;NA;GDPR
9689732;2) Zákon č. 40/1995 Sb., o regulaci reklamy a o změně a doplnění zákona č. 468/1991 Sb., o provozování rozhlasového a televizního vysílání, ve znění pozdějších předpisů. § 44 až 54 zákona č. 513/1991 Sb., obchodní zákoník, ve znění pozdějších předpisů. Zákon č. 140/1961 Sb., trestní zákon, ve znění pozdějších předpisů.;46/2000 Sb.;513/1991 Sb.;89/2012 Sb.;NOZ
9689739;9) § 66a obchodního zákoníku.;46/2000 Sb.;513/1991 Sb.;90/2012 Sb.;ZOK § 318-321
11866757;19) Například obchodní zákoník.;477/2001 Sb.;513/1991 Sb.;89/2012 Sb.;NOZ
11866763;29) § 2 odst. 2 obchodního zákoníku.;477/2001 Sb.;513/1991 Sb.;89/2012 Sb.;NOZ § 420-422
56442792;5) § 76 a násl. a § 93 a násl. zákona č. 513/1991 Sb., obchodní zákoník.;48/1997 Sb.;513/1991 Sb.;90/2012 Sb.;ZOK § 95, 39-39, 118-131
56442794;6a) § 566 až 575 obchodního zákoníku.;48/1997 Sb.;513/1991 Sb.;89/2012 Sb.;NOZ § 2430-2444
56442836;27k) § 191a až 191g zákona č. 99/1963 Sb., občanský soudní řád, ve znění pozdějších předpisů.;48/1997 Sb.;99/1963 Sb.;292/2013 Sb.;zák. zvl. ř. s.
56442857;42d) § 17 zákona č. 513/1991 Sb., obchodní zákoník, ve znění pozdějších předpisů.;48/1997 Sb.;513/1991 Sb.;89/2012 Sb.;NOZ § 504
56442869;47a) Zákon č. 99/1963 Sb., občanský soudní řád, ve znění pozdějších předpisů.;48/1997 Sb.;99/1963 Sb.;99/1963 Sb.;OSŘ
4456595;3a) Například § 17 až 20 obchodního zákoníku, zákon č. 148/1998 Sb., o ochraně utajovaných skutečností a o změně některých zákonů, ve znění pozdějších předpisů, zákon č. 101/2000 Sb., o ochraně osobních údajů a o změně některých zákonů, ve znění zákona č. 227/2000 Sb.;483/1991 Sb.;101/2000 Sb.;NA;GDPR
4456595;3a) Například § 17 až 20 obchodního zákoníku, zákon č. 148/1998 Sb., o ochraně utajovaných skutečností a o změně některých zákonů, ve znění pozdějších předpisů, zákon č. 101/2000 Sb., o ochraně osobních údajů a o změně některých zákonů, ve znění zákona č. 227/2000 Sb.;483/1991 Sb.;227/2000 Sb.;NA;GDPR
4456595;3a) Například § 17 až 20 obchodního zákoníku, zákon č. 148/1998 Sb., o ochraně utajovaných skutečností a o změně některých zákonů, ve znění pozdějších předpisů, zákon č. 101/2000 Sb., o ochraně osobních údajů a o změně některých zákonů, ve znění zákona č. 227/2000 Sb.;483/1991 Sb.;513/1991 Sb.;89/2012 Sb.;NOZ § 504
4458263;3a) Například § 17 až 20 obchodního zákoníku, zákon č. 148/1998 Sb., o ochraně utajovaných skutečností a o změně některých zákonů, ve znění pozdějších předpisů, zákon č. 101/2000 Sb., o ochraně osobních údajů a o změně některých zákonů, ve znění pozdějších předpisů.;484/1991 Sb.;101/2000 Sb.;NA;GDPR
4458263;3a) Například § 17 až 20 obchodního zákoníku, zákon č. 148/1998 Sb., o ochraně utajovaných skutečností a o změně některých zákonů, ve znění pozdějších předpisů, zákon č. 101/2000 Sb., o ochraně osobních údajů a o změně některých zákonů, ve znění pozdějších předpisů.;484/1991 Sb.;513/1991 Sb.;89/2012 Sb.;NOZ § 504
56545343;5k) Zákon č. 101/2000 Sb., o ochraně osobních údajů a o změně některých zákonů, ve znění pozdějších předpisů.;49/1997 Sb.;101/2000 Sb.;NA;GDPR
56545344;5l) Zákon č. 101/2000 Sb., ve znění pozdějších předpisů. Zákon č. 283/1991 Sb., o Policii České republiky, ve znění pozdějších předpisů.;49/1997 Sb.;101/2000 Sb.;110/2019 Sb.;zák. o zpr. os. ú.
11895435;21) § 58 a 200k občanského soudního řádu.;491/2001 Sb.;99/1963 Sb.;150/2002 Sb.;SŘS
11895444;30) § 200j zákona č. 99/1963 Sb.;491/2001 Sb.;99/1963 Sb.;292/2013 Sb.;zák. zvl. ř. s.
11895445;31) § 200k zákona č. 99/1963 Sb.;491/2001 Sb.;99/1963 Sb.;292/2013 Sb.;zák. zvl. ř. s.
11895446;32) § 200l zákona č. 99/1963 Sb.;491/2001 Sb.;99/1963 Sb.;292/2013 Sb.;zák. zvl. ř. s.
3977618;2) § 102 hospodářského zákoníku (úplné znění vyhlášeno pod č. 80/1989 Sb.). § 7 zákona č. 15/1990 Sb., o politických stranách.;496/1990 Sb.;109/1964 Sb.;89/2012 Sb.;NOZ
3977618;2) § 102 hospodářského zákoníku (úplné znění vyhlášeno pod č. 80/1989 Sb.). § 7 zákona č. 15/1990 Sb., o politických stranách.;496/1990 Sb.;80/1989 Sb.;NA;NOZ
3977620;4) § 70 hospodářského zákoníku (úplné znění vyhlášeno pod č. 80/1989 Sb.). Nařízení vlády České a Slovenské Federativní Republiky č. 212/1990 Sb., o odnětí nemovitého majetku státu v trvalém užívání Komunistické strany Československa.;496/1990 Sb.;109/1964 Sb.;219/2000 Sb.;zák. o maj. čr
3977620;4) § 70 hospodářského zákoníku (úplné znění vyhlášeno pod č. 80/1989 Sb.). Nařízení vlády České a Slovenské Federativní Republiky č. 212/1990 Sb., o odnětí nemovitého majetku státu v trvalém užívání Komunistické strany Československa.;496/1990 Sb.;80/1989 Sb.;NA;zák. o maj. čr
56394186;37) § 4 písm. b) zákona č. 101/2000 Sb., o ochraně osobních údajů a o změně některých zákonů, ve znění pozdějších předpisů.;496/2012 Sb.;101/2000 Sb.;NA;GDPR
3977722;2) § 70 hospodářského zákoníku (úplné znění vyhlášeno pod č. 80/1989 Sb.).;497/1990 Sb.;109/1964 Sb.;219/2000 Sb.;zák. o maj. čr
3977722;2) § 70 hospodářského zákoníku (úplné znění vyhlášeno pod č. 80/1989 Sb.).;497/1990 Sb.;80/1989 Sb.;NA;zák. o maj. čr
14871079;3) § 17 obchodního zákoníku, ve znění pozdějších předpisů.;499/2004 Sb.;513/1991 Sb.;89/2012 Sb.;NOZ § 504
14871081;5) § 5 odst. 2 a § 9 zákona č. 101/2000 Sb., o ochraně osobních údajů a o změně některých zákonů, ve znění pozdějších předpisů.;499/2004 Sb.;101/2000 Sb.;NA;GDPR
14871088;16) Například zákon č. 141/1961 Sb., o trestním řízení soudním (trestní řád), ve znění pozdějších předpisů, zákon č. 99/1963 Sb., občanský soudní řád, ve znění pozdějších předpisů, zákon č. 120/2001 Sb., o soudních exekutorech a exekuční činnosti (exekuční řád) a o změně dalších zákonů, ve znění pozdějších předpisů, zákon č. 283/1991 Sb., o Policii České republiky, ve znění pozdějších předpisů.;499/2004 Sb.;99/1963 Sb.;99/1963 Sb.;OSŘ
14871096;25) Například obchodní zákoník, ve znění pozdějších předpisů, zákon č. 219/2000 Sb., ve znění pozdějších předpisů, § 103 odst. 1 zákona č. 128/2000 Sb., ve znění pozdějších předpisů, § 61 odst. 1 zákona č. 129/2000 Sb., ve znění pozdějších předpisů, § 72 odst. 2 a § 97 odst. 1 zákona č. 131/2000 Sb., ve znění pozdějších předpisů.;499/2004 Sb.;513/1991 Sb.;89/2012 Sb.;NOZ
14871097;26) Například zákon č. 99/1963 Sb., občanský soudní řád, ve znění pozdějších předpisů, zákon č. 141/1961 Sb., ve znění pozdějších předpisů, správní řád, zákon č. 120/2001 Sb., ve znění pozdějších předpisů.;499/2004 Sb.;71/1967 Sb.;99/1963 Sb.;OSŘ
14871097;26) Například zákon č. 99/1963 Sb., občanský soudní řád, ve znění pozdějších předpisů, zákon č. 141/1961 Sb., ve znění pozdějších předpisů, správní řád, zákon č. 120/2001 Sb., ve znění pozdějších předpisů.;499/2004 Sb.;99/1963 Sb.;99/1963 Sb.;OSŘ
14892029;2) § 2 odst. 3 obchodního zákoníku.;500/2004 Sb.;513/1991 Sb.;89/2012 Sb.;NOZ § 420-422
14892032;5) § 7 odst. 1 a 2 obchodního zákoníku.;500/2004 Sb.;513/1991 Sb.;89/2012 Sb.;NOZ § 503
14892049;22) § 21 občanského soudního řádu.;500/2004 Sb.;99/1963 Sb.;99/1963 Sb.;OSŘ
14892059;35) Občanský soudní řád. Zákon č. 26/2000 Sb., o veřejných dražbách, ve znění zákona č. 120/2001 Sb.;500/2004 Sb.;120/2001 Sb.;NA;OSŘ
14892059;35) Občanský soudní řád. Zákon č. 26/2000 Sb., o veřejných dražbách, ve znění zákona č. 120/2001 Sb.;500/2004 Sb.;99/1963 Sb.;99/1963 Sb.;OSŘ
3984753;3) § 244 a násl. občanského soudního řádu.;505/1990 Sb.;99/1963 Sb.;99/1963 Sb.;OSŘ
5438260;2) § 2 obchodního zákoníku.;523/1992 Sb.;513/1991 Sb.;89/2012 Sb.;NOZ § 420-422
5438273;4a) Obchodní zákoník.;523/1992 Sb.;513/1991 Sb.;304/2013 Sb.;zák. o ver. řejst.
3996913;1b) § 124 občanského soudního řádu.;527/1990 Sb.;99/1963 Sb.;99/1963 Sb.;OSŘ
3996914;2) Zákon č. 40/1964 Sb., občanský zákoník, ve znění pozdějších předpisů. Zákon č. 109/1964 Sb., hospodářský zákoník, ve znění pozdějších předpisů.;527/1990 Sb.;109/1964 Sb.;89/2012 Sb.;NOZ
3996939;10) Zákon č. 109/1964 Sb., hospodářský zákoník, ve znění pozdějších předpisů. Zákon č. 105/1990 Sb., o soukromém podnikání občanů.;527/1990 Sb.;109/1964 Sb.;89/2012 Sb.;NOZ
5444672;6b) § 2 odst. 3 obchodního zákoníku.;539/1992 Sb.;513/1991 Sb.;89/2012 Sb.;NOZ § 420-422
56065177;5) § 138 občanského soudního řádu.;549/1991 Sb.;99/1963 Sb.;99/1963 Sb.;OSŘ
4757622;6) § 2 odst. 1 obchodního zákoníku.;551/1991 Sb.;513/1991 Sb.;89/2012 Sb.;NOZ § 420-422
4757624;8) Například zákon č. 592/1992 Sb., o pojistném na všeobecné zdravotní pojištění, ve znění pozdějších předpisů, zákon č. 101/2000 Sb., o ochraně osobních údajů a o změně některých zákonů, ve znění pozdějších předpisů.;551/1991 Sb.;101/2000 Sb.;NA;GDPR
56338699;6) Zákon č. 101/2000 Sb., o ochraně osobních údajů a o změně některých zákonů, ve znění zákona č. 227/2000 Sb.;555/1992 Sb.;101/2000 Sb.;110/2019 Sb.;zák. o zpr. os. ú.
56338699;6) Zákon č. 101/2000 Sb., o ochraně osobních údajů a o změně některých zákonů, ve znění zákona č. 227/2000 Sb.;555/1992 Sb.;227/2000 Sb.;NA;zák. o zpr. os. ú.
56331910;7) Například obchodní zákoník, zákon č. 248/1995 Sb., o obecně prospěšných společnostech a o změně a doplnění některých zákonů, ve znění pozdějších předpisů.;561/2004 Sb.;513/1991 Sb.;90/2012 Sb.;ZOK
56331926;17) Zákon č. 101/2000 Sb., o ochraně osobních údajů a o změně některých zákonů, ve znění pozdějších předpisů.;561/2004 Sb.;101/2000 Sb.;NA;GDPR
56331938;25) § 4 písm. j) zákona č. 101/2000 Sb.;561/2004 Sb.;101/2000 Sb.;NA;GDPR
56331939;25a) § 4 písm. k) zákona č. 101/2000 Sb.;561/2004 Sb.;101/2000 Sb.;NA;GDPR
56331940;26) § 4 písm. k) zákona č. 101/2000 Sb.;561/2004 Sb.;101/2000 Sb.;NA;GDPR
56067479;7) Například zákon č. 101/2000 Sb., o ochraně osobních údajů a o změně některých zákonů, ve znění pozdějších předpisů, zákon č. 148/1998 Sb., o ochraně utajovaných skutečností a o změně některých zákonů, ve znění pozdějších předpisů.;563/1991 Sb.;101/2000 Sb.;NA;GDPR
56067480;13) § 120, 161d a 161f obchodního zákoníku.;563/1991 Sb.;513/1991 Sb.;90/2012 Sb.;ZOK § 149, 316, 317, 311-315
56067481;19) § 66a odst. 7 obchodního zákoníku.;563/1991 Sb.;513/1991 Sb.;90/2012 Sb.;ZOK § 79
56067482;22) § 69 obchodního zákoníku.;563/1991 Sb.;513/1991 Sb.;125/2008 Sb.;ZPREM
15037317;10) Zákon č. 101/2000 Sb., o ochraně osobních údajů, ve znění pozdějších předpisů.;563/2004 Sb.;101/2000 Sb.;NA;GDPR
15037319;12) Zákon č. 561/2004 Sb., o předškolním, základním, středním, vyšším odborném a jiném vzdělávání (školský zákon). Zákon č. 111/1998 Sb., ve znění pozdějších předpisů. Živnostenský zákon. Obchodní zákoník.;563/2004 Sb.;513/1991 Sb.;89/2012 Sb.;NOZ
6670659;1a) § 2 odst. 2 obchodního zákoníku.;58/1995 Sb.;513/1991 Sb.;89/2012 Sb.;NOZ § 420-422
56241170;4b) Například § 274 písm. f) občanského soudního řádu, § 9d zákona č. 328/1991 Sb., o konkursu a vyrovnání, ve znění pozdějších předpisů, § 33 odst. 1 zákona č. 120/2001 Sb., o soudních exekutorech a exekuční činnosti (exekuční řád) a o změně dalších zákonů.;582/1991 Sb.;99/1963 Sb.;99/1963 Sb.;OSŘ
56241209;45) Např. § 128 občanského soudního řádu a § 8 trestního řádu.;582/1991 Sb.;99/1963 Sb.;99/1963 Sb.;OSŘ
56241232;66) § 9 odst. 2 písm. d) občanského soudního řádu.;582/1991 Sb.;99/1963 Sb.;99/1963 Sb.;OSŘ
15073538;11) Zákon č. 101/2000 Sb., o ochraně osobních údajů a o změně některých zákonů, ve znění pozdějších předpisů.;585/2004 Sb.;101/2000 Sb.;110/2019 Sb.;zák. o zpr. os. ú.
56469389;6) § 158 obchodního zákoníku.;586/1992 Sb.;513/1991 Sb.;90/2012 Sb.;ZOK
56469399;14a) § 82 obchodního zákoníku.;586/1992 Sb.;513/1991 Sb.;90/2012 Sb.;ZOK
56469400;14b) § 100 obchodního zákoníku.;586/1992 Sb.;513/1991 Sb.;90/2012 Sb.;ZOK
56469413;20b) § 160 obchodního zákoníku.;586/1992 Sb.;513/1991 Sb.;90/2012 Sb.;ZOK
56469422;22c) § 69 obchodního zákoníku.;586/1992 Sb.;513/1991 Sb.;125/2008 Sb.;ZPREM
56469427;26a) § 369 obchodního zákoníku.;586/1992 Sb.;513/1991 Sb.;89/2012 Sb.;NOZ
56469432;30a) § 761 odst. 1 obchodního zákoníku.  Vyhláška Federálního ministerstva financí č. 119/1988 Sb., o hospodaření s národním majetkem.;586/1992 Sb.;513/1991 Sb.;219/2000 Sb.;zák. o maj. čr
56469435;32a) § 445 obchodního zákoníku.;586/1992 Sb.;513/1991 Sb.;89/2012 Sb.;NOZ
56469437;35) § 144 a 208 zákona č. 513/1991 Sb., ve znění pozdějších předpisů.;586/1992 Sb.;513/1991 Sb.;90/2012 Sb.;ZOK
5786216;25c) Například zákon č. 551/1991 Sb., o Všeobecné zdravotní pojišťovně České republiky, ve znění pozdějších předpisů, zákon č. 280/1992 Sb., o resortních, oborových, podnikových a dalších zdravotních pojišťovnách, ve znění pozdějších předpisů, zákon č. 101/2000 Sb., o ochraně osobních údajů a o změně některých zákonů, ve znění pozdějších předpisů.;592/1992 Sb.;101/2000 Sb.;110/2019 Sb.;zák. o zpr. os. ú.
15084367;24) Zákon č. 150/2002 Sb., soudní řád správní, ve znění zákona č. 192/2003 Sb. Zákon č. 99/1963 Sb., občanský soudní řád, ve znění pozdějších předpisů. Čl. 9 bod 2 nařízení Rady (ES) č. 1334/2000, v platném znění.;594/2004 Sb.;192/2003 Sb.;NA;OSŘ
15084367;24) Zákon č. 150/2002 Sb., soudní řád správní, ve znění zákona č. 192/2003 Sb. Zákon č. 99/1963 Sb., občanský soudní řád, ve znění pozdějších předpisů. Čl. 9 bod 2 nařízení Rady (ES) č. 1334/2000, v platném znění.;594/2004 Sb.;99/1963 Sb.;99/1963 Sb.;OSŘ
56473596;11f) § 2 odst. 2 obchodního zákoníku.;6/1993 Sb.;513/1991 Sb.;89/2012 Sb.;NOZ § 420-422
6186972;8) § 2 odst. 2 zákona č. 513/1991 Sb., obchodní zákoník.;60/1993 Sb.;513/1991 Sb.;89/2012 Sb.;NOZ § 420-422
9796911;3) § 9 odst. 3 písmeno c) písm. ee) zákona č. 99/1963 Sb., občanský soudní řád, ve znění pozdějších předpisů.;60/2000 Sb.;99/1963 Sb.;99/1963 Sb.;OSŘ
56519721;2) Např. zákon č. 513/1991 Sb., obchodní zákoník, zákon č. 445/1991 Sb., o živnostenském podnikání (živnostenský zákon), zákon č.111/1990 Sb., o státním podniku, ve znění pozdějších předpisů.;61/1988 Sb.;445/1991 Sb.;455/1991 Sb.;NOZ
56519721;2) Např. zákon č. 513/1991 Sb., obchodní zákoník, zákon č. 445/1991 Sb., o živnostenském podnikání (živnostenský zákon), zákon č.111/1990 Sb., o státním podniku, ve znění pozdějších předpisů.;61/1988 Sb.;513/1991 Sb.;89/2012 Sb.;NOZ
56519745;12) Hospodářský zákoník č. 109/1964 Sb., ve znění pozdějších předpisů. Občanský zákoník č. 40/1964 Sb., ve znění pozdějších předpisů (úplné znění č. 70/1983 Sb.) Vládní nařízení č. 46/1967 Sb., o vypořádání škod způsobených provozní hospodářskou činností socialistických organizací na hmotném majetku jiných socialistických organizací a o náhradách v investiční výstavbě.;61/1988 Sb.;109/1964 Sb.;89/2012 Sb.;NOZ
56519745;12) Hospodářský zákoník č. 109/1964 Sb., ve znění pozdějších předpisů. Občanský zákoník č. 40/1964 Sb., ve znění pozdějších předpisů (úplné znění č. 70/1983 Sb.) Vládní nařízení č. 46/1967 Sb., o vypořádání škod způsobených provozní hospodářskou činností socialistických organizací na hmotném majetku jiných socialistických organizací a o náhradách v investiční výstavbě.;61/1988 Sb.;70/1983 Sb.;NA;NOZ
56519761;18c) Například zákon č. 412/2005 Sb., o ochraně utajovaných informací a o bezpečnostní způsobilosti, ve znění pozdějších předpisů, zákon č. 513/1991 Sb., obchodní zákoník, ve znění pozdějších předpisů, zákon č. 101/2000 Sb., o ochraně osobních údajů a o změně některých zákonů, ve znění pozdějších předpisů.;61/1988 Sb.;101/2000 Sb.;NA;GDPR
56519761;18c) Například zákon č. 412/2005 Sb., o ochraně utajovaných informací a o bezpečnostní způsobilosti, ve znění pozdějších předpisů, zákon č. 513/1991 Sb., obchodní zákoník, ve znění pozdějších předpisů, zákon č. 101/2000 Sb., o ochraně osobních údajů a o změně některých zákonů, ve znění pozdějších předpisů.;61/1988 Sb.;513/1991 Sb.;89/2012 Sb.;NOZ
7777667;11) § 21 zákona č. 36/1967 Sb., o znalcích a tlumočnících.;61/1997 Sb.;36/1967 Sb.;254/2019 Sb.;zák. o zn.
3530416;9) Např. § 443 občanského zákoníku, § 145 až 150 hospodářského zákoníku a vládní nařízení č. 46/1967 Sb., o vypořádání škod způsobených provozní hospodářskou činností socialistických organizací na hmotném majetku jiných socialistických organizací a o náhradách v investiční výstavbě.;62/1988 Sb.;109/1964 Sb.;89/2012 Sb.;NOZ
15095882;3) § 138 zákona č. 99/1963 Sb., občanský soudní řád, ve znění pozdějších předpisů.;629/2004 Sb.;99/1963 Sb.;99/1963 Sb.;OSŘ
15095883;4) § 30 a 31 zákona č. 99/1963 Sb., ve znění pozdějších předpisů.;629/2004 Sb.;99/1963 Sb.;99/1963 Sb.;OSŘ
15095884;5) § 18 zákona č. 99/1963 Sb., ve znění pozdějších předpisů.;629/2004 Sb.;99/1963 Sb.;99/1963 Sb.;OSŘ
15095885;6) § 142 a následující zákona č. 99/1963 Sb., ve znění pozdějších předpisů.;629/2004 Sb.;99/1963 Sb.;99/1963 Sb.;OSŘ
9819723;6) Například zákon č. 412/2005 Sb., o ochraně utajovaných informací a o bezpečnostní způsobilosti, zákon č. 101/2000 Sb., o ochraně osobních údajů a o změně některých zákonů, ve znění pozdějších předpisů, zákon č. 21/1992 Sb., o bankách, ve znění pozdějších předpisů.;63/2000 Sb.;101/2000 Sb.;NA;GDPR
56158281;21a) Například § 11a zákona č. 22/1997 Sb., o technických požadavcích na výrobky a o změně a doplnění některých zákonů, ve znění zákona č. 71/2000 Sb., zákon č. 36/1967 Sb., o znalcích a tlumočnících.;634/1992 Sb.;36/1967 Sb.;254/2019 Sb.;zák. o zn.
56158281;21a) Například § 11a zákona č. 22/1997 Sb., o technických požadavcích na výrobky a o změně a doplnění některých zákonů, ve znění zákona č. 71/2000 Sb., zákon č. 36/1967 Sb., o znalcích a tlumočnících.;634/1992 Sb.;71/2000 Sb.;NA;zák. o zn.
56158287;21g) § 17 a násl. zákona č. 513/1991 Sb., obchodní zákoník.;634/1992 Sb.;513/1991 Sb.;89/2012 Sb.;NOZ § 504
3381344;2) § 17 a násl. obchodního zákoníku.;64/1986 Sb.;513/1991 Sb.;89/2012 Sb.;NOZ § 504
16123385;8) Zákon č. 101/2000 Sb., o ochraně osobních údajů a o změně některých zákonů, ve znění pozdějších předpisů.;69/2006 Sb.;101/2000 Sb.;110/2019 Sb.;zák. o zpr. os. ú.
12066789;13) Například obchodní zákoník, zákon č. 101/2000 Sb., o ochraně osobních údajů a o změně některých zákonů, ve znění pozdějších předpisů.;76/2002 Sb.;101/2000 Sb.;NA;GDPR
12066789;13) Například obchodní zákoník, zákon č. 101/2000 Sb., o ochraně osobních údajů a o změně některých zákonů, ve znění pozdějších předpisů.;76/2002 Sb.;513/1991 Sb.;89/2012 Sb.;NOZ
12066796;26) Zákon č. 101/2000 Sb., ve znění pozdějších předpisů.;76/2002 Sb.;101/2000 Sb.;NA;GDPR
13845982;8) Zákon č. 101/2000 Sb., o ochraně osobních údajů a o změně některých zákonů, ve znění pozdějších předpisů.;78/2004 Sb.;101/2000 Sb.;NA;GDPR
8228557;3) § 38 občanského soudního řádu.;82/1998 Sb.;99/1963 Sb.;292/2013 Sb.;zák. zvl. ř. s.
8228560;4) Hlava třetí části páté občanského soudního řádu.;82/1998 Sb.;99/1963 Sb.;99/1963 Sb.;OSŘ
56687085;1) Například § 187 odst. 1 a § 191b odst. 2 občanského soudního řádu, § 91 odst. 2 zákona o soudnictví ve věcech mládeže.;85/1996 Sb.;99/1963 Sb.;292/2013 Sb.;zák. zvl. ř. s.
56687093;4c) Například § 35 odst. 1 trestního řádu, § 24 a 25 občanského soudního řádu, § 35 soudního řádu správního, § 29 až 31 zákona o Ústavním soudu.;85/1996 Sb.;99/1963 Sb.;99/1963 Sb.;OSŘ
56687102;12) § 35 odst. 1 trestního řádu.  § 25 odst. 3 občanského soudního řádu.  § 31 odst. 1 zákona č. 182/1993 Sb., o Ústavním soudu.;85/1996 Sb.;99/1963 Sb.;99/1963 Sb.;OSŘ
56687105;14) § 274 písm. i) občanského soudního řádu.§ 40 odst. 1 písm. g) zákona č. 120/2001 Sb., o soudních exekutorech a exekuční činnosti (exekuční řád) a o změně dalších zákonů, ve znění pozdějších předpisů.;85/1996 Sb.;99/1963 Sb.;292/2013 Sb.;zák. zvl. ř. s.
56687113;17a) Například § 13 odst. 1 písm. d) zákona č. 455/1991 Sb., o živnostenském podnikání (živnostenský zákon), ve znění pozdějších předpisů, § 70 odst. 3 obchodního zákoníku, § 9 odst. 3 zákona č. 77/1997 Sb., o státním podniku, ve znění zákona č. 103/2001 Sb., § 50 odst. 3 a 4 zákona č. 328/1991 Sb., ve znění pozdějších předpisů, § 28 a 29 zákona č. 21/1992 Sb., o bankách, ve znění pozdějších předpisů.;85/1996 Sb.;103/2001 Sb.;NA;NOZ § 187-209
56687113;17a) Například § 13 odst. 1 písm. d) zákona č. 455/1991 Sb., o živnostenském podnikání (živnostenský zákon), ve znění pozdějších předpisů, § 70 odst. 3 obchodního zákoníku, § 9 odst. 3 zákona č. 77/1997 Sb., o státním podniku, ve znění zákona č. 103/2001 Sb., § 50 odst. 3 a 4 zákona č. 328/1991 Sb., ve znění pozdějších předpisů, § 28 a 29 zákona č. 21/1992 Sb., o bankách, ve znění pozdějších předpisů.;85/1996 Sb.;513/1991 Sb.;89/2012 Sb.;NOZ § 187-209
56687094;7c) Například § 30 odst. 2 občanského soudního řádu, § 35 odst. 8 soudního řádu správního, § 33 trestního řádu.;85/1996 Sb.;99/1963 Sb.;99/1963 Sb.;OSŘ
56296738;3d) § 31a odst. 4 písm. b) zákona č. 513/1991 Sb., obchodní zákoník.;87/1995 Sb.;513/1991 Sb.;304/2013 Sb.;zák. o ver. řejst.
56296742;5) § 223 odst. 1 obchodního zákoníku.;87/1995 Sb.;513/1991 Sb.;90/2012 Sb.;ZOK
56296748;20) Občanský soudní řád.;87/1995 Sb.;99/1963 Sb.;99/1963 Sb.;OSŘ
56245731;2) § 2 odst. 2 obchodního zákoníku.;89/1995 Sb.;513/1991 Sb.;89/2012 Sb.;NOZ § 420-422
56245732;2a) Zákon č. 101/2000 Sb., o ochraně osobních údajů a o změně některých zákonů, ve znění zákona č. 227/2000 Sb.;89/1995 Sb.;101/2000 Sb.;NA;GDPR
56245732;2a) Zákon č. 101/2000 Sb., o ochraně osobních údajů a o změně některých zákonů, ve znění zákona č. 227/2000 Sb.;89/1995 Sb.;227/2000 Sb.;NA;GDPR
56245741;3) § 2 odst. 1 obchodního zákoníku.;89/1995 Sb.;513/1991 Sb.;89/2012 Sb.;NOZ § 420-422
56245757;9) Např. § 48 zákona č. 455/1991 Sb., o živnostenském podnikání (živnostenský zákon), § 33 odst. 2 obchodního zákoníku, § 26 odst. 6 zákona ČNR č. 337/1992 Sb., § 12c odst. 1 zákona č. 105/1990 Sb., ve znění zákona č. 219/1991 Sb.;89/1995 Sb.;219/1991 Sb.;NA;NOZ
56245757;9) Např. § 48 zákona č. 455/1991 Sb., o živnostenském podnikání (živnostenský zákon), § 33 odst. 2 obchodního zákoníku, § 26 odst. 6 zákona ČNR č. 337/1992 Sb., § 12c odst. 1 zákona č. 105/1990 Sb., ve znění zákona č. 219/1991 Sb.;89/1995 Sb.;513/1991 Sb.;89/2012 Sb.;NOZ
56245759;9b) Zákon č. 513/1991 Sb., obchodní zákoník.;89/1995 Sb.;513/1991 Sb.;90/2012 Sb.;ZOK
56245766;9h) § 7 odst. 1 obchodního zákoníku.;89/1995 Sb.;513/1991 Sb.;89/2012 Sb.;NOZ
56245771;9m) § 69 odst. 2 a § 254 odst. 4 obchodního zákoníku.;89/1995 Sb.;513/1991 Sb.;125/2008 Sb.;ZPREM
55729734;4) Např. zákon č. 102/1971 Sb., o ochraně státního tajemství, ve znění pozdějších předpisů, zákon č. 256/1992 Sb., o ochraně osobních údajů v informačních systémech, zákon ČNR č. 337/1992 Sb., o správě daní a poplatků, ve znění pozdějších předpisů.;90/1995 Sb.;256/1992 Sb.;NA;GDPR
55729753;1) Zákon č. 36/1967 Sb., o znalcích a tlumočnících.;90/1995 Sb.;36/1967 Sb.;354/2019 Sb.;zák. o tlum.
4189373;4d) § 187 zákona č. 513/1991 Sb., obchodní zákoník, ve znění zákona č. 264/1992 Sb. a zákona ČNR č. 591/1992 Sb.;92/1991 Sb.;264/1992 Sb.;NA;ZOK
4189373;4d) § 187 zákona č. 513/1991 Sb., obchodní zákoník, ve znění zákona č. 264/1992 Sb. a zákona ČNR č. 591/1992 Sb.;92/1991 Sb.;513/1991 Sb.;90/2012 Sb.;ZOK
4189373;4d) § 187 zákona č. 513/1991 Sb., obchodní zákoník, ve znění zákona č. 264/1992 Sb. a zákona ČNR č. 591/1992 Sb.;92/1991 Sb.;591/1992 Sb.;NA;ZOK
4189374;5) Zákon č. 513/1991 Sb., ve znění pozdějších předpisů.;92/1991 Sb.;513/1991 Sb.;90/2012 Sb.;ZOK
4189385;11) § 163 odst. 1 písm. e) obchodního zákoníku.;92/1991 Sb.;513/1991 Sb.;NA;zrušen
4189387;14) § 489 až 496 obchodního zákoníku.;92/1991 Sb.;513/1991 Sb.;89/2012 Sb.;NOZ
55976586;22) Zákon č. 101/2000 Sb., o ochraně osobních údajů a o změně některých zákonů, ve znění pozdějších předpisů.;93/2009 Sb.;101/2000 Sb.;NA;GDPR
13866178;11) Zákon č. 101/2000 Sb., o ochraně osobních údajů a o změně některých zákonů, ve znění pozdějších předpisů. Zákon č. 89/1995 Sb., o státní statistické službě, ve znění pozdějších předpisů.;95/2004 Sb.;101/2000 Sb.;NA;GDPR
56077429;10) Například zákon č. 26/2000 Sb., o veřejných dražbách, ve znění pozdějších předpisů, zákon č. 99/1963 Sb., občanský soudní řád, ve znění pozdějších předpisů.;96/1993 Sb.;99/1963 Sb.;99/1963 Sb.;OSŘ
13886650;13) Zákon č. 101/2000 Sb., o ochraně osobních údajů a o změně některých zákonů, ve znění pozdějších předpisů.;96/2004 Sb.;101/2000 Sb.;NA;GDPR